Workbook
Name DataRef: Listas!$A$3
Name lst_Classificacao: Listas!$C$3:$C$5
Name lst_Clausula: Listas!$F$3:$F$29
Name lst_DataReferencia: Listas!$A$3:$A$3
Name lst_EstadoAud: Listas!$B$3:$B$6
Name lst_Gravidade: Listas!$D$3:$D$5
Name lst_Processo: Listas!$E$3:$E$18

Sheet 00_LEIA-ME
A1: RG-SGA-14 — Programa e Registo de Auditoria Interna do SGA
A2: Sistema de Gestão Ambiental NP EN ISO 14001:2026 · Plasticom — Unidade 1 (Marinha Grande, Portugal) · Registo do SGA (fábrica simulada)
A4: CONTROLO DO DOCUMENTO (7.5 — informação documentada)
A5: Código do registo | B5: RG-SGA-14
A6: Título | B6: Programa e Registo de Auditoria Interna do SGA
A7: Versão / Revisão | B7: 01
A8: Data de emissão | B8: 46387
A9: Elaborado por | B9: Gestor(a) do SGA / EHS
A10: Aprovado por | B10: Diretor Geral
A11: Estado | B11: Em vigor
A12: Retenção | B12: 5 anos após substituição
A13: Localização | B13: Repositório controlado do SGA > Registos_SGA_Plasticom (versão eletrónica é a versão controlada; cópias impressas são não controladas)
A15: FINALIDADE E ÂMBITO
A16: Finalidade | B16: Planear o programa de auditorias por importância ambiental, registar cada questão com a evidência objetiva, classificar a constatação (NC ou OM) com o requisito e ligar às NC e ações. As constatações ficam em formato de tabela para análise por cláusula, processo e classificação.
A17: Atividades do curso | B17: Atividade 5.3 Parte 1 — da checklist ao relatório: âmbito, questões de auditoria, evidência simulada, classificação NC/OM e justificação por cláusula/requisito legal. A Parte 2 (Lusitana Móveis) está no documento Word.
A18: Requisitos ISO 14001:2026 | B18: 9.2.1; 9.2.2 Programa de auditoria interna (ISO 14001:2026: definir objetivos, critérios e âmbito de cada auditoria); ISO 19011:2018
A20: ESTRUTURA DO FICHEIRO
A21: Programa_Auditorias | B21: Programa de auditorias internas 2026-2027 (objetivos, âmbito, critérios).
A22: Checklist_Constatacoes | B22: Checklist de auditoria com evidência e classificação (1 linha por questão).
A23: Relatorio_Resumo | B23: Síntese do relatório de auditoria: constatações por cláusula e processo (calculado).
A24: Listas | B24: Domínios (listas de valores) usados na validação de dados das tabelas.
A25: Dicionario_Dados | B25: Descrição de cada coluna de cada tabela: tipo, origem (entrada/calculado), domínio, obrigatoriedade e chaves.
A27: CONVENÇÕES (prontas para análise de dados e machine learning)
A28: Tabelas | B28: Cada registo é uma Tabela Excel com nome próprio (tbl_*): uma linha = um registo, cabeçalho único, sem células mescladas. Ler com pandas (pd.read_excel(ficheiro, sheet_name=folha, header=<linha do cabeçalho - 1>)) ou Power BI (Obter Dados > Tabela).
A29: Cabeçalho cinzento | B29: Coluna CALCULADA por fórmula — não escrever por cima. As restantes colunas são de entrada.
A30: Validação | B30: Colunas com lista controlada só aceitam valores da folha Listas (evita categorias duplicadas por grafia diferente).
A31: Chaves | B31: IDs estáveis e únicos (PK) e referências a IDs de outros registos (FK) permitem juntar tabelas entre ficheiros — ver SGA-00_Indice_Modelo_Dados.xlsx.
A32: Datas e unidades | B32: Datas em formato data (aaaa-mm-dd); números como números; a unidade está no nome da coluna ou no dicionário. Data de referência do SGA: 2026-12-31 (fecho do ano).
A33: Dados simulados | B33: Fábrica simulada Plasticom. Dados operacionais derivados do dataset do projeto (datasets/silver); dados ambientais e de conformidade são simulação didática — confirmar aplicabilidade legal e números antes de uso real.
A35: LIGAÇÕES A OUTROS REGISTOS
A36: RG-SGA-07 NC | B36: ID_NC liga cada NC de auditoria ao registo de não conformidades.
A37: RG-SGA-06 PAM | B37: ID_PAM liga a ação corretiva.

Sheet Programa_Auditorias
A1: ID_Auditoria | B1: Tema | C1: Objetivo | D1: Ambito | E1: Criterios | F1: Data_Inicio | G1: Data_Fim | H1: Equipa_Auditora | I1: Independencia | J1: Estado | K1: N_Questoes | L1: N_NC | M1: N_OM
A2: AUD-2026-01 | B2: Controlos operacionais de maior significância ambiental | C2: Verificar a conformidade e a eficácia dos controlos operacionais e de emergência nos processos com aspetos significativos; verificar a eficácia das ações da auditoria 2025; preparar a transição para a ISO 14001:2026. | D2: Armazém de químicos; parque de resíduos; manutenção/engenharia (alterações); serigrafia; utilidades; emergência | E2: ISO 14001:2026 (6.1.2, 6.3, 7.2, 7.3, 8.1, 8.2, 9.1.1); PR-SGA-04; IT-SGA-01; RGGR; REACH/CLP; RGR | F2: 46281 | G2: 46282 | H2: AUD-001 (auditor líder, Qualidade) + AUD-002 | I2: Auditores sem responsabilidade direta nas áreas auditadas | J2: Realizada | K2: 10 | L2: =COUNTIFS(tbl_constatacoes[ID_Auditoria],A2,tbl_constatacoes[Classificacao],"NC") -> 6 | M2: =COUNTIFS(tbl_constatacoes[ID_Auditoria],A2,tbl_constatacoes[Classificacao],"OM") -> 4
A3: AUD-2026-02 | B3: Produto, compras e conformidade legal | C3: Avaliar a conformidade PPWR, a avaliação ambiental de fornecedores e a vigilância legal. | D3: R&D; compras; SGA (requisitos legais) | E3: ISO 14001:2026 (6.1.3, 8.1 fornecedores externos, 9.1.2); Reg. (UE) 2025/40 | F3: 46344 | G3: 46345 | H3: AUD-003 + auditor externo convidado | I3: Auditor externo para R&D | J3: Realizada | K3: 4 | L3: =COUNTIFS(tbl_constatacoes[ID_Auditoria],A3,tbl_constatacoes[Classificacao],"NC") -> 1 | M3: =COUNTIFS(tbl_constatacoes[ID_Auditoria],A3,tbl_constatacoes[Classificacao],"OM") -> 2
A4: AUD-2027-01 | B4: Liderança, contexto, objetivos e desempenho | C4: Verificar a integração do clima e da biodiversidade no contexto (4.1), os objetivos e a avaliação do desempenho e da eficácia (9.1.1). | D4: Gestão de topo; SGA; produção | E4: ISO 14001:2026 (4, 5, 6.2, 9.1, 9.3) | F4: 46456 | G4: 46457 | H4: AUD-001 + AUD-003 | I4: Auditor líder não reporta ao SGA | J4: Planeada | K4: 0 | L4: =COUNTIFS(tbl_constatacoes[ID_Auditoria],A4,tbl_constatacoes[Classificacao],"NC") -> 0 | M4: =COUNTIFS(tbl_constatacoes[ID_Auditoria],A4,tbl_constatacoes[Classificacao],"OM") -> 0

Sheet Checklist_Constatacoes
A1: AUDITORIAS INTERNAS 2026 — CHECKLIST E CONSTATAÇÕES
A2: Questão → evidência objetiva → classificação (NC/OM) → requisito → justificação · AUD-2026-01 (16–17/09/2026) e AUD-2026-02 (18–19/11/2026)
A4: ID_Constatacao | B4: ID_Auditoria | C4: Processo_Auditado | D4: Area | E4: Clausula | F4: Questao_Auditoria | G4: Evidencia_Esperada | H4: Evidencia_Objetiva | I4: Classificacao | J4: Gravidade | K4: Requisito_Violado_ou_Melhoravel | L4: Justificacao | M4: ID_NC | N4: ID_PAM | O4: Auditor | P4: Controlo_Qualidade
A5: CONST-01 | B5: AUD-2026-01 | C5: Armazém de químicos | D5: ARQ | E5: 8.1 | F5: Como é garantida a contenção em caso de derrame dos bidões de óleo e de solvente? | G5: Todos os recipientes > 20 L sobre bacia; ronda RON-02 conforme. | H5: 3 bidões de 200 L de óleo hidráulico novo pousados diretamente no chão, sem bacia de retenção (as 2 bacias existentes estavam ocupadas). Fotografia AUD-01-F03. | I5: NC | J5: Menor | K5: ISO 14001:2026 §8.1 (controlo operacional) e PR-SGA-04; risco de incumprimento do regime de prevenção da poluição do solo | L5: O critério operacional (bacia obrigatória) está definido mas não é cumprido; há potencial de contaminação do solo. Menor porque não houve derrame e a falha é pontual. | M5: NC-SGA-26-04 | N5: PAM-26-19 | O5: AUD-001 | P5: =IF(AND(I5="NC",OR(M5="",K5="")),"FALTA NC/requisito",IF(H5="","FALTA evidência","OK")) -> OK
A6: CONST-02 | B6: AUD-2026-01 | C6: Armazém de químicos | D6: ARQ | E6: 6.1.3; 7.5 | F6: As FDS de todos os químicos em uso estão disponíveis e atualizadas no ponto de uso? | G6: FDS de todos os produtos, com revisão ≤ 3 anos. | H6: 40 de 42 FDS atualizadas; 2 FDS de solventes com revisão de 2021 — atualização já pedida ao fornecedor em 03/09/2026. | I6: OM | J6: — | K6: ISO 14001:2026 §7.5 (informação documentada) e REACH (art. 31) | L6: A organização detetou e está a tratar a lacuna; oportunidade de automatizar um alerta de revisão das FDS no inventário. | O6: AUD-002 | P6: =IF(AND(I6="NC",OR(M6="",K6="")),"FALTA NC/requisito",IF(H6="","FALTA evidência","OK")) -> OK
A7: CONST-03 | B7: AUD-2026-01 | C7: Parque de resíduos | D7: PRS | E7: 8.1 | F7: Os resíduos perigosos estão identificados, fechados e armazenados de forma a evitar contaminação? | G7: Contentores com código LER, fechados, em bacia e sob cobertura. | H7: Contentor de absorventes contaminados (LER 15 02 02*) sem etiqueta e sem tampa, exposto à chuva. Fotografia AUD-01-F07. | I7: NC | J7: Menor | K7: ISO 14001:2026 §8.1; Decreto-Lei n.º 102-D/2020 (RGGR) — armazenagem adequada dos resíduos | L7: Requisito legal e operacional não cumprido; risco de escorrência para a rede pluvial. | M7: NC-SGA-26-05 | N7: PAM-26-15 | O7: AUD-001 | P7: =IF(AND(I7="NC",OR(M7="",K7="")),"FALTA NC/requisito",IF(H7="","FALTA evidência","OK")) -> OK
A8: CONST-04 | B8: AUD-2026-01 | C8: Parque de resíduos | D8: PRS | E8: 9.1.1 | F8: Como é assegurada a fiabilidade das quantidades de resíduos reportadas no MIRR? | G8: Pesagem interna coerente com o peso no destino (e-GAR). | H8: Em 2 de 10 e-GAR amostradas a pesagem interna difere 6% do peso confirmado no destino. | I8: OM | J8: — | K8: ISO 14001:2026 §9.1.1 (dados fiáveis) | L8: Não há requisito violado (o MIRR usa o peso do destino), mas a reconciliação mensal melhoraria a fiabilidade dos indicadores. | O8: AUD-002 | P8: =IF(AND(I8="NC",OR(M8="",K8="")),"FALTA NC/requisito",IF(H8="","FALTA evidência","OK")) -> OK
A9: CONST-05 | B9: AUD-2026-01 | C9: Manutenção / engenharia | D9: MAN | E9: 6.3 | F9: Como são avaliados os impactes ambientais e os requisitos legais antes de alterar equipamentos ou processos? | G9: Pedido de alteração com análise ambiental/legal aprovada pelo SGA. | H9: Os compressores CMP-01/02 foram substituídos em 02/2026 (pedido INV-2026-004) sem avaliação do ruído, dos aspetos ou dos requisitos legais; não existe procedimento de gestão de alterações. | I9: NC | J9: Menor | K9: ISO 14001:2026 §6.3 Planeamento de alterações (novo requisito) | L9: Requisito novo da edição 2026 não implementado; originou a NC legal de ruído (NC-SGA-26-01). | M9: NC-SGA-26-06 | N9: PAM-26-17 | O9: AUD-001 | P9: =IF(AND(I9="NC",OR(M9="",K9="")),"FALTA NC/requisito",IF(H9="","FALTA evidência","OK")) -> OK
A10: CONST-06 | B10: AUD-2026-01 | C10: Manutenção / engenharia | D10: PRS | E10: 9.1.1 | F10: Os equipamentos usados para medir dados ambientais estão calibrados ou verificados? | G10: Plano de calibração com todos os equipamentos e etiquetas válidas. | H10: Balança de plataforma do parque de resíduos com última verificação em 03/2024 (periodicidade anual) e ausente do plano de calibração. | I10: NC | J10: Menor | K10: ISO 14001:2026 §9.1.1 (equipamento de monitorização calibrado ou verificado) | L10: Equipamento de medição de um indicador reportado à APA sem verificação válida. | M10: NC-SGA-26-07 | N10: PAM-26-20 | O10: AUD-002 | P10: =IF(AND(I10="NC",OR(M10="",K10="")),"FALTA NC/requisito",IF(H10="","FALTA evidência","OK")) -> OK
A11: CONST-07 | B11: AUD-2026-01 | C11: Serigrafia | D11: SER | E11: 7.2; 7.3 | F11: Os operadores conhecem o aspeto significativo do seu posto e aplicam os controlos? | G11: Operadores formados na IT de limpeza; recipientes fechados. | H11: O operador do turno 2 (temporário, OP-SK-T01) não tem formação na instrução de limpeza e não sabia que o solvente emite COV; 2 latas de solvente abertas no posto. | I11: NC | J11: Menor | K11: ISO 14001:2026 §7.2 (competência) e §7.3 (consciencialização) | L11: Pessoa que realiza trabalho com impacte significativo sem a competência e a consciencialização exigidas. | M11: NC-SGA-26-08 | N11: PAM-26-08 | O11: AUD-001 | P11: =IF(AND(I11="NC",OR(M11="",K11="")),"FALTA NC/requisito",IF(H11="","FALTA evidência","OK")) -> OK
A12: CONST-08 | B12: AUD-2026-01 | C12: Serigrafia | D12: SER | E12: 10.1 | F12: Como se minimiza a geração de resíduos perigosos (panos e absorventes com solvente)? | G12: Medidas de prevenção na fonte. | H12: Usam-se panos descartáveis; o resíduo 15 02 02* é ≈ 0,5 t/ano. | I12: OM | J12: — | K12: ISO 14001:2026 §10.1 (melhoria contínua) e hierarquia de resíduos do RGGR | L12: Oportunidade: panos reutilizáveis lavados por empresa licenciada reduziriam o resíduo perigoso e o custo. | O12: AUD-002 | P12: =IF(AND(I12="NC",OR(M12="",K12="")),"FALTA NC/requisito",IF(H12="","FALTA evidência","OK")) -> OK
A13: CONST-09 | B13: AUD-2026-01 | C13: Utilidades | D13: UTL | E13: 9.1.1; 6.2 | F13: Como é controlado o consumo de energia do ar comprimido? | G13: Indicador de energia do ar comprimido e fugas etiquetadas. | H13: Não há indicador (kWh/Nm³); 3 fugas audíveis sem etiqueta; campanha de fugas (PAM-26-01) em curso com 25% de evolução. | I13: OM | J13: — | K13: ISO 14001:2026 §9.1.1 (o que monitorizar) e §6.2 (objetivo OBJ-01) | L13: A ação já está planeada; recomenda-se incluir o KPI kWh/Nm³ no painel mensal para medir a eficácia. | N13: PAM-26-01 | O13: AUD-001 | P13: =IF(AND(I13="NC",OR(M13="",K13="")),"FALTA NC/requisito",IF(H13="","FALTA evidência","OK")) -> OK
A14: CONST-10 | B14: AUD-2026-01 | C14: Emergência | D14: GER | E14: 8.2 | F14: As ações de resposta a emergências ambientais são testadas periodicamente? | G14: Simulacros dos cenários ambientais com tempos medidos. | H14: Nunca foi feito simulacro de derrame; no único simulacro (incêndio, 14/11/2025) a válvula de corte pluvial foi fechada em 9 min (meta ≤ 5 min). | I14: NC | J14: Menor | K14: ISO 14001:2026 §8.2 (testar periodicamente as ações de resposta planeadas) | L14: Cenário de emergência de maior criticidade (EMG-01) nunca testado. | M14: NC-SGA-26-09 | N14: PAM-26-21 | O14: AUD-002 | P14: =IF(AND(I14="NC",OR(M14="",K14="")),"FALTA NC/requisito",IF(H14="","FALTA evidência","OK")) -> OK
A15: CONST-11 | B15: AUD-2026-02 | C15: R&D — conformidade PPWR | D15: RD | E15: 6.1.3; 9.1.2 | F15: Como é demonstrada a conformidade PPWR das famílias colocadas no mercado desde 12/08/2026? | G15: Documentação técnica e declaração UE por família. | H15: 13 de 22 famílias com declaração em 18/11/2026; plano com datas para as restantes; 5 famílias dependem da substituição de PETG/PVC. | I15: OM | J15: — | K15: Reg. (UE) 2025/40 e ISO 14001:2026 §6.1.3 | L15: A NC legal NC-SGA-26-02 já está aberta e o plano é credível; oportunidade de priorizar pelas vendas. | N15: PAM-26-10 | O15: AUD-003 | P15: =IF(AND(I15="NC",OR(M15="",K15="")),"FALTA NC/requisito",IF(H15="","FALTA evidência","OK")) -> OK
A16: CONST-12 | B16: AUD-2026-02 | C16: Compras | D16: CMP | E16: 8.1 | F16: A avaliação ambiental dos fornecedores está aplicada e o controlo é proporcional ao risco? | G16: Critérios, avaliação e extensão do controlo por fornecedor. | H16: Avaliação aplicada a 10 fornecedores críticos (PAM-26-16); controlo coerente com a relevância. | I16: Conforme | J16: — | K16: ISO 14001:2026 §8.1 (processos externos) | L16: — | O16: AUD-003 | P16: =IF(AND(I16="NC",OR(M16="",K16="")),"FALTA NC/requisito",IF(H16="","FALTA evidência","OK")) -> OK
A17: CONST-13 | B17: AUD-2026-02 | C17: Compras | D17: CMP | E17: 6.1.3 | F17: As declarações de substâncias (SVHC/PFAS) dos fornecedores estão válidas? | G17: Declaração anual de todos os fornecedores de matérias com contacto. | H17: 2 declarações (DEC-05, DEC-09) em falta há mais de 60 dias apesar dos pedidos formais (PAM-26-34). | I17: OM | J17: — | K17: REACH art. 33.º; ISO 14001:2026 §6.1.3 | L17: Pedido feito; escalar ao fornecedor ou suspender o material. | N17: PAM-26-34 | O17: AUD-003 | P17: =IF(AND(I17="NC",OR(M17="",K17="")),"FALTA NC/requisito",IF(H17="","FALTA evidência","OK")) -> OK
A18: CONST-14 | B18: AUD-2026-02 | C18: Compras | D18: CMP | E18: 8.1; 9.1.1 | F18: O conteúdo reciclado declarado aos clientes tem prova (EN 15343) para cada lote? | G18: Certificado válido na data de receção de cada lote de PCR/rPET. | H18: Lotes de rPET recebidos de jul a out/2026 com o certificado CERT-03 expirado (30/06/2026) contados como reciclado no KPI e nas fichas técnicas. | I18: NC | J18: Menor | K18: ISO 14001:2026 §8.1 e ISO 14021 §7.8 (alegação de conteúdo reciclado) | L18: Alegação sem prova para os lotes em causa. | M18: NC-SGA-26-11 | N18: PAM-26-25 | O18: Auditor externo | P18: =IF(AND(I18="NC",OR(M18="",K18="")),"FALTA NC/requisito",IF(H18="","FALTA evidência","OK")) -> OK

Sheet Relatorio_Resumo
A1: RELATÓRIO DE AUDITORIA INTERNA AUD-2026-01 — SÍNTESE
A2: Objetivo, âmbito e critérios na folha Programa_Auditorias. Conclusão: o SGA está implementado; os controlos de químicos, resíduos e emergência precisam de reforço e o novo requisito 6.3 (alterações) não está implementado.
A4: Processo auditado | B4: Questões | C4: NC | D4: OM
A5: Armazém de químicos | B5: =COUNTIF(Checklist_Constatacoes!$C$5:$C$18,A5) -> 2 | C5: =COUNTIFS(Checklist_Constatacoes!$C$5:$C$18,A5,Checklist_Constatacoes!$I$5:$I$18,"NC") -> 1 | D5: =COUNTIFS(Checklist_Constatacoes!$C$5:$C$18,A5,Checklist_Constatacoes!$I$5:$I$18,"OM") -> 1
A6: Parque de resíduos | B6: =COUNTIF(Checklist_Constatacoes!$C$5:$C$18,A6) -> 2 | C6: =COUNTIFS(Checklist_Constatacoes!$C$5:$C$18,A6,Checklist_Constatacoes!$I$5:$I$18,"NC") -> 1 | D6: =COUNTIFS(Checklist_Constatacoes!$C$5:$C$18,A6,Checklist_Constatacoes!$I$5:$I$18,"OM") -> 1
A7: Manutenção / engenharia | B7: =COUNTIF(Checklist_Constatacoes!$C$5:$C$18,A7) -> 2 | C7: =COUNTIFS(Checklist_Constatacoes!$C$5:$C$18,A7,Checklist_Constatacoes!$I$5:$I$18,"NC") -> 2 | D7: =COUNTIFS(Checklist_Constatacoes!$C$5:$C$18,A7,Checklist_Constatacoes!$I$5:$I$18,"OM") -> 0
A8: Serigrafia | B8: =COUNTIF(Checklist_Constatacoes!$C$5:$C$18,A8) -> 2 | C8: =COUNTIFS(Checklist_Constatacoes!$C$5:$C$18,A8,Checklist_Constatacoes!$I$5:$I$18,"NC") -> 1 | D8: =COUNTIFS(Checklist_Constatacoes!$C$5:$C$18,A8,Checklist_Constatacoes!$I$5:$I$18,"OM") -> 1
A9: Utilidades | B9: =COUNTIF(Checklist_Constatacoes!$C$5:$C$18,A9) -> 1 | C9: =COUNTIFS(Checklist_Constatacoes!$C$5:$C$18,A9,Checklist_Constatacoes!$I$5:$I$18,"NC") -> 0 | D9: =COUNTIFS(Checklist_Constatacoes!$C$5:$C$18,A9,Checklist_Constatacoes!$I$5:$I$18,"OM") -> 1
A10: Emergência | B10: =COUNTIF(Checklist_Constatacoes!$C$5:$C$18,A10) -> 1 | C10: =COUNTIFS(Checklist_Constatacoes!$C$5:$C$18,A10,Checklist_Constatacoes!$I$5:$I$18,"NC") -> 1 | D10: =COUNTIFS(Checklist_Constatacoes!$C$5:$C$18,A10,Checklist_Constatacoes!$I$5:$I$18,"OM") -> 0
A12: TOTAL | B12: =SUM(B5:B11) -> 10 | C12: =SUM(C5:C11) -> 6 | D12: =SUM(D5:D11) -> 4
A14: Cláusula | B14: NC | C14: OM
A15: 6.1.3 | B15: =COUNTIFS(Checklist_Constatacoes!$E$5:$E$18,"*6.1.3*",Checklist_Constatacoes!$I$5:$I$18,"NC") -> 0 | C15: =COUNTIFS(Checklist_Constatacoes!$E$5:$E$18,"*6.1.3*",Checklist_Constatacoes!$I$5:$I$18,"OM") -> 3
A16: 6.3 | B16: =COUNTIFS(Checklist_Constatacoes!$E$5:$E$18,"*6.3*",Checklist_Constatacoes!$I$5:$I$18,"NC") -> 1 | C16: =COUNTIFS(Checklist_Constatacoes!$E$5:$E$18,"*6.3*",Checklist_Constatacoes!$I$5:$I$18,"OM") -> 0
A17: 7.2 | B17: =COUNTIFS(Checklist_Constatacoes!$E$5:$E$18,"*7.2*",Checklist_Constatacoes!$I$5:$I$18,"NC") -> 1 | C17: =COUNTIFS(Checklist_Constatacoes!$E$5:$E$18,"*7.2*",Checklist_Constatacoes!$I$5:$I$18,"OM") -> 0
A18: 7.5 | B18: =COUNTIFS(Checklist_Constatacoes!$E$5:$E$18,"*7.5*",Checklist_Constatacoes!$I$5:$I$18,"NC") -> 0 | C18: =COUNTIFS(Checklist_Constatacoes!$E$5:$E$18,"*7.5*",Checklist_Constatacoes!$I$5:$I$18,"OM") -> 1
A19: 8.1 | B19: =COUNTIFS(Checklist_Constatacoes!$E$5:$E$18,"*8.1*",Checklist_Constatacoes!$I$5:$I$18,"NC") -> 3 | C19: =COUNTIFS(Checklist_Constatacoes!$E$5:$E$18,"*8.1*",Checklist_Constatacoes!$I$5:$I$18,"OM") -> 0
A20: 8.2 | B20: =COUNTIFS(Checklist_Constatacoes!$E$5:$E$18,"*8.2*",Checklist_Constatacoes!$I$5:$I$18,"NC") -> 1 | C20: =COUNTIFS(Checklist_Constatacoes!$E$5:$E$18,"*8.2*",Checklist_Constatacoes!$I$5:$I$18,"OM") -> 0
A21: 9.1.1 | B21: =COUNTIFS(Checklist_Constatacoes!$E$5:$E$18,"*9.1.1*",Checklist_Constatacoes!$I$5:$I$18,"NC") -> 2 | C21: =COUNTIFS(Checklist_Constatacoes!$E$5:$E$18,"*9.1.1*",Checklist_Constatacoes!$I$5:$I$18,"OM") -> 2
A22: 10.1 | B22: =COUNTIFS(Checklist_Constatacoes!$E$5:$E$18,"*10.1*",Checklist_Constatacoes!$I$5:$I$18,"NC") -> 0 | C22: =COUNTIFS(Checklist_Constatacoes!$E$5:$E$18,"*10.1*",Checklist_Constatacoes!$I$5:$I$18,"OM") -> 1

Sheet Listas
A1: LISTAS CONTROLADAS (domínios de validação de dados) — editar aqui para alterar opções
A2: DataReferencia | B2: EstadoAud | C2: Classificacao | D2: Gravidade | E2: Processo | F2: Clausula
A3: 46387 | B3: Planeada | C3: NC | D3: Maior | E3: REC | F3: 4.1
B4: Realizada | C4: OM | D4: Menor | E4: ARQ | F4: 4.2
B5: Adiada | C5: Conforme | D5: — | E5: INJ | F5: 4.3
B6: Cancelada | E6: SOP | F6: 4.4
E7: SER | F7: 5.1
E8: HFS | F8: 5.2
E9: MOA | F9: 5.3
E10: UTL | F10: 6.1.1
E11: MAN | F11: 6.1.2
E12: PRS | F12: 6.1.3
E13: EXP | F13: 6.1.4
E14: LAB | F14: 6.1.5
E15: RD | F15: 6.2
E16: CMP | F16: 6.3
E17: ADM | F17: 7.1
E18: GER | F18: 7.2
F19: 7.3
F20: 7.4
F21: 7.5
F22: 8.1
F23: 8.2
F24: 9.1.1
F25: 9.1.2
F26: 9.2
F27: 9.3
F28: 10.1
F29: 10.2

Sheet Dicionario_Dados
A1: Folha | B1: Tabela | C1: Coluna | D1: Tipo | E1: Origem | F1: Descricao | G1: Dominio_Unidade | H1: Obrigatorio | I1: Chave
A2: Programa_Auditorias | B2: tbl_programa_auditorias | C2: ID_Auditoria | D2: Texto | E2: Entrada | F2: Auditoria. | H2: Sim | I2: PK
A3: Programa_Auditorias | B3: tbl_programa_auditorias | C3: Tema | D3: Texto | E3: Entrada | F3: Tema. | H3: Sim
A4: Programa_Auditorias | B4: tbl_programa_auditorias | C4: Objetivo | D4: Texto | E4: Entrada | F4: Objetivo da auditoria (exigido pela ISO 14001:2026). | H4: Sim
A5: Programa_Auditorias | B5: tbl_programa_auditorias | C5: Ambito | D5: Texto | E5: Entrada | F5: Processos/áreas. | H5: Sim
A6: Programa_Auditorias | B6: tbl_programa_auditorias | C6: Criterios | D6: Texto | E6: Entrada | F6: Critérios de auditoria. | H6: Sim
A7: Programa_Auditorias | B7: tbl_programa_auditorias | C7: Data_Inicio | D7: Data (aaaa-mm-dd) | E7: Entrada | F7: Início. | H7: Sim
A8: Programa_Auditorias | B8: tbl_programa_auditorias | C8: Data_Fim | D8: Data (aaaa-mm-dd) | E8: Entrada | F8: Fim. | H8: Sim
A9: Programa_Auditorias | B9: tbl_programa_auditorias | C9: Equipa_Auditora | D9: Texto | E9: Entrada | F9: Auditores. | H9: Sim
A10: Programa_Auditorias | B10: tbl_programa_auditorias | C10: Independencia | D10: Texto | E10: Entrada | F10: Como se garante a imparcialidade. | H10: Sim
A11: Programa_Auditorias | B11: tbl_programa_auditorias | C11: Estado | D11: Texto | E11: Entrada | F11: Estado. | G11: Lista lst_EstadoAud | H11: Sim
A12: Programa_Auditorias | B12: tbl_programa_auditorias | C12: N_Questoes | D12: Inteiro | E12: Entrada | F12: N.º de questões. | H12: Sim
A13: Programa_Auditorias | B13: tbl_programa_auditorias | C13: N_NC | D13: Inteiro | E13: Calculado (fórmula) | F13: N.º de NC. | H13: Sim
A14: Programa_Auditorias | B14: tbl_programa_auditorias | C14: N_OM | D14: Inteiro | E14: Calculado (fórmula) | F14: N.º de OM. | H14: Sim
A15: Checklist_Constatacoes | B15: tbl_constatacoes | C15: ID_Constatacao | D15: Texto | E15: Entrada | F15: Constatação. | H15: Sim | I15: PK
A16: Checklist_Constatacoes | B16: tbl_constatacoes | C16: ID_Auditoria | D16: Texto | E16: Entrada | F16: Auditoria. | H16: Sim | I16: FK → tbl_programa_auditorias
A17: Checklist_Constatacoes | B17: tbl_constatacoes | C17: Processo_Auditado | D17: Texto | E17: Entrada | F17: Âmbito (processo). | H17: Sim
A18: Checklist_Constatacoes | B18: tbl_constatacoes | C18: Area | D18: Texto | E18: Entrada | F18: Código do processo. | G18: Lista lst_Processo | H18: Sim
A19: Checklist_Constatacoes | B19: tbl_constatacoes | C19: Clausula | D19: Texto | E19: Entrada | F19: Cláusula(s) ISO 14001:2026. | H19: Sim
A20: Checklist_Constatacoes | B20: tbl_constatacoes | C20: Questao_Auditoria | D20: Texto | E20: Entrada | F20: Pergunta feita. | H20: Sim
A21: Checklist_Constatacoes | B21: tbl_constatacoes | C21: Evidencia_Esperada | D21: Texto | E21: Entrada | F21: O que deveria existir. | H21: Sim
A22: Checklist_Constatacoes | B22: tbl_constatacoes | C22: Evidencia_Objetiva | D22: Texto | E22: Entrada | F22: O que se encontrou (evidência simulada). | H22: Sim
A23: Checklist_Constatacoes | B23: tbl_constatacoes | C23: Classificacao | D23: Texto | E23: Entrada | F23: NC (requisito não cumprido) ou OM (oportunidade de melhoria). | G23: Lista lst_Classificacao | H23: Sim
A24: Checklist_Constatacoes | B24: tbl_constatacoes | C24: Gravidade | D24: Texto | E24: Entrada | F24: Maior / Menor (NC). | G24: Lista lst_Gravidade | H24: Sim
A25: Checklist_Constatacoes | B25: tbl_constatacoes | C25: Requisito_Violado_ou_Melhoravel | D25: Texto | E25: Entrada | F25: Cláusula da norma ou requisito legal. | H25: Sim
A26: Checklist_Constatacoes | B26: tbl_constatacoes | C26: Justificacao | D26: Texto | E26: Entrada | F26: Porque é NC ou OM. | H26: Sim
A27: Checklist_Constatacoes | B27: tbl_constatacoes | C27: ID_NC | D27: Texto | E27: Entrada | F27: NC registada. | H27: Não | I27: FK → RG-SGA-07
A28: Checklist_Constatacoes | B28: tbl_constatacoes | C28: ID_PAM | D28: Texto | E28: Entrada | F28: Ação. | H28: Não | I28: FK → RG-SGA-06
A29: Checklist_Constatacoes | B29: tbl_constatacoes | C29: Auditor | D29: Texto | E29: Entrada | F29: Auditor. | H29: Sim
A30: Checklist_Constatacoes | B30: tbl_constatacoes | C30: Controlo_Qualidade | D30: Texto | E30: Calculado (fórmula) | F30: Regras: NC exige requisito e registo de NC; toda a constatação exige evidência. | H30: Sim
