Workbook
Name DataRef: Listas!$A$3
Name lst_DataReferencia: Listas!$A$3:$A$3
Name lst_Escala15: Listas!$E$3:$E$7
Name lst_EstadoKZ: Listas!$B$3:$B$7
Name lst_Processo: Listas!$D$3:$D$18
Name lst_SimNao: Listas!$C$3:$C$4

Sheet 00_LEIA-ME
A1: RG-SGA-16 — Melhoria Contínua — Registo de Ideias Kaizen e Indicadores EMAS
A2: Sistema de Gestão Ambiental NP EN ISO 14001:2026 · Plasticom — Unidade 1 (Marinha Grande, Portugal) · Registo do SGA (fábrica simulada)
A4: CONTROLO DO DOCUMENTO (7.5 — informação documentada)
A5: Código do registo | B5: RG-SGA-16
A6: Título | B6: Melhoria Contínua — Registo de Ideias Kaizen e Indicadores EMAS
A7: Versão / Revisão | B7: 01
A8: Data de emissão | B8: 46387
A9: Elaborado por | B9: Gestor(a) do SGA / EHS
A10: Aprovado por | B10: Diretor Geral
A11: Estado | B11: Em vigor
A12: Retenção | B12: 5 anos após substituição
A13: Localização | B13: Repositório controlado do SGA > Registos_SGA_Plasticom (versão eletrónica é a versão controlada; cópias impressas são não controladas)
A15: FINALIDADE E ÂMBITO
A16: Finalidade | B16: Registar as ideias de melhoria dos trabalhadores com o cálculo do benefício ambiental e económico (poupança, payback e tCO2e evitadas por fórmula), e preparar os indicadores principais da Declaração Ambiental EMAS (valor anual A, produção B e rácio R = A/B) com a criticidade para a Plasticom.
A17: Atividades do curso | B17: Atividade 6.2 (Tarefa 1: ideia Kaizen KZ-01 e benefício duplo; Tarefa 2: registo no PAM como PAM-26-06). Atividade 6.3 (indicadores principais EMAS e transparência vs risco).
A18: Requisitos ISO 14001:2026 | B18: 10.1 Melhoria contínua (ISO 14001:2026); 7.4 (participação dos trabalhadores); Regulamento (CE) n.º 1221/2009 (EMAS), Anexo IV
A20: ESTRUTURA DO FICHEIRO
A21: Ideias_Kaizen | B21: Banco de ideias Kaizen com benefício ambiental e económico calculado.
A22: Resumo_Atividade_6_2 | B22: Ficha da Atividade 6.2 (Tarefa 1 e Tarefa 2) para a ideia KZ-01.
A23: EMAS_Indicadores | B23: Indicadores principais EMAS (Anexo IV): A, B, R = A/B e criticidade — Atividade 6.3 (Q1).
A24: EMAS_Transparencia | B24: Atividade 6.3 (Q2): receios da gestão de topo em publicar dados e argumentos a favor da transparência.
A25: Listas | B25: Domínios (listas de valores) usados na validação de dados das tabelas.
A26: Dicionario_Dados | B26: Descrição de cada coluna de cada tabela: tipo, origem (entrada/calculado), domínio, obrigatoriedade e chaves.
A28: CONVENÇÕES (prontas para análise de dados e machine learning)
A29: Tabelas | B29: Cada registo é uma Tabela Excel com nome próprio (tbl_*): uma linha = um registo, cabeçalho único, sem células mescladas. Ler com pandas (pd.read_excel(ficheiro, sheet_name=folha, header=<linha do cabeçalho - 1>)) ou Power BI (Obter Dados > Tabela).
A30: Cabeçalho cinzento | B30: Coluna CALCULADA por fórmula — não escrever por cima. As restantes colunas são de entrada.
A31: Validação | B31: Colunas com lista controlada só aceitam valores da folha Listas (evita categorias duplicadas por grafia diferente).
A32: Chaves | B32: IDs estáveis e únicos (PK) e referências a IDs de outros registos (FK) permitem juntar tabelas entre ficheiros — ver SGA-00_Indice_Modelo_Dados.xlsx.
A33: Datas e unidades | B33: Datas em formato data (aaaa-mm-dd); números como números; a unidade está no nome da coluna ou no dicionário. Data de referência do SGA: 2026-12-31 (fecho do ano).
A34: Dados simulados | B34: Fábrica simulada Plasticom. Dados operacionais derivados do dataset do projeto (datasets/silver); dados ambientais e de conformidade são simulação didática — confirmar aplicabilidade legal e números antes de uso real.
A36: LIGAÇÕES A OUTROS REGISTOS
A37: RG-SGA-06 PAM | B37: KZ-01 → PAM-26-06 (Tipo M).
A38: RG-SGA-13 Monitorização | B38: Valores anuais do EMAS = soma jan–dez/2026 da base de dados mensal.

Sheet Ideias_Kaizen
A1: REGISTO DE IDEIAS KAIZEN — PEQUENAS MUDANÇAS, GRANDE IMPACTO
A2: Poupança = driver mensal × fator × 12 · € = quantidade × custo unitário · tCO2e com o fator da eletricidade 0,110 kgCO2e/kWh
A4: ID_KZ | B4: Data | C4: Proponente | D4: Area | E4: Titulo | F4: Descricao | G4: Beneficio_Ambiental | H4: Beneficio_Economico | I4: Unidade_Poupanca | J4: Driver_Mensal | K4: Fator_Poupanca | L4: Custo_Unitario_EUR | M4: Custo_Implementacao_EUR | N4: Estado | O4: ID_PAM | P4: Selecionado_Atv_6_2 | Q4: Pressupostos | R4: Poupanca_Anual_Qtd | S4: Poupanca_Anual_EUR | T4: Payback_Meses | U4: tCO2e_Evitadas_Ano | V4: Custo_Zero
A5: KZ-01 | B5: 46283 | C5: Chefe de turno 3 (Injeção) | D5: INJ | E5: Standby das máquinas na pausa de refeição do turno 3 | F5: Na pausa de 80 min do turno 3 (sem equipa de rendição), pôr as injetoras e ISBM em modo standby (resistências a 60%, bomba hidráulica desligada) em vez de ficarem aquecidas em vazio. | G5: Menos eletricidade em vazio → menos emissões de GEE (âmbito 2) e menos calor para o chiller. | H5: Menos kWh na fatura; custo zero (só procedimento e etiqueta). | I5: kWh | J5: 211 | K5: 11 | L5: 0.14 | M5: 300 | N5: Implementada | O5: PAM-26-06 | P5: Sim | Q5: Driver: n.º médio de pausas de turno 3 por mês (dataset de paragens, jan–dez/2026). Fator: kWh evitados por pausa (estimativa 60 min × ≈ 11 kW de aquecimento/hidráulica em vazio). | R5: =J5*K5*12 -> 27852 | S5: =R5*L5 -> 3899.28 | T5: =IF(S5=0,"",M5/S5*12) -> 0.92324737 | U5: =IF(I5="kWh",R5*0.11/1000,IF(I5="kg polímero",R5*1.8/1000,0)) -> 3.06372 | V5: =IF(M5<=500,"Sim","Não") -> Sim
A6: KZ-02 | B6: 46275 | C6: Operador de serigrafia (turno 1) | D6: SER | E6: Regra 'tampa fechada' e solvente só no dispensador | F6: Fechar sempre a lata/dispensador de solvente após cada limpeza e nunca deixar panos embebidos abertos. | G6: Menos evaporação de COV (poluição do ar) e menos resíduo perigoso. | H6: Menos solvente comprado. | I6: kg solvente | J6: 63.3 | K6: 0.1 | L6: 4.5 | M6: 0 | N6: Implementada | O6: PAM-26-08 | P6: Não | Q6: Driver: solvente consumido por mês. Fator: 10% de perdas por evaporação evitadas. | R6: =J6*K6*12 -> 75.96 | S6: =R6*L6 -> 341.82 | T6: =IF(S6=0,"",M6/S6*12) -> 0 | U6: =IF(I6="kWh",R6*0.11/1000,IF(I6="kg polímero",R6*1.8/1000,0)) -> 0 | V6: =IF(M6<=500,"Sim","Não") -> Sim
A7: KZ-03 | B7: 46205 | C7: Operador de sopro (turno 2) | D7: SOP | E7: Caixas coloridas por cor/polímero para o scrap | F7: Segregar o scrap limpo na fonte em caixas de cor por polímero e cor, para poder ser moído e reintegrado sem contaminação. | G7: Menos polímero virgem e menos resíduo plástico (circularidade interna). | H7: Menos compra de resina. | I7: kg polímero | J7: 2088 | K7: 0.08 | L7: 1.35 | M7: 450 | N7: Em implementação | O7: PAM-26-12 | P7: Não | Q7: Driver: scrap de injeção + sopro por mês. Fator: +8 p.p. de reintegração. | R7: =J7*K7*12 -> 2004.48 | S7: =R7*L7 -> 2706.048 | T7: =IF(S7=0,"",M7/S7*12) -> 1.99553 | U7: =IF(I7="kWh",R7*0.11/1000,IF(I7="kg polímero",R7*1.8/1000,0)) -> 3.608064 | V7: =IF(M7<=500,"Sim","Não") -> Sim
A8: KZ-04 | B8: 46254 | C8: Técnico de manutenção | D8: UTL | E8: Fechar os ramais de ar comprimido sem produção ao fim de semana | F8: Fechar as válvulas de isolamento dos ramais de ar comprimido das áreas paradas ao fim de semana (fugas deixam de ser alimentadas). | G8: Menos energia dos compressores. | H8: Menos kWh. | I8: kWh | J8: 4.3 | K8: 180 | L8: 0.14 | M8: 0 | N8: Implementada | O8: PAM-26-01 | P8: Não | Q8: Driver: fins de semana por mês. Fator: kWh consumidos pelas fugas num fim de semana (teste de vazio). | R8: =J8*K8*12 -> 9288 | S8: =R8*L8 -> 1300.32 | T8: =IF(S8=0,"",M8/S8*12) -> 0 | U8: =IF(I8="kWh",R8*0.11/1000,IF(I8="kg polímero",R8*1.8/1000,0)) -> 1.02168 | V8: =IF(M8<=500,"Sim","Não") -> Sim

Sheet Resumo_Atividade_6_2
A1: ATIVIDADE 6.2 — KAIZEN: BENEFÍCIO DUPLO E REGISTO NO PLANO DE AÇÕES
A3: TAREFA 1 — A ideia Kaizen e o benefício duplo
A4: Pequena mudança (custo ≈ zero) | B4: =INDEX(Ideias_Kaizen!$F$5:$F$8,MATCH("KZ-01",Ideias_Kaizen!$A$5:$A$8,0)) -> Na pausa de 80 min do turno 3 (sem equipa de rendição), pôr as injetoras e ISBM em modo standby (resistências a 60%, bomba hidráulica desligada) em vez de ficarem aquecidas em vazio.
A5: Ajuda o ambiente porque… | B5: =INDEX(Ideias_Kaizen!$G$5:$G$8,MATCH("KZ-01",Ideias_Kaizen!$A$5:$A$8,0)) -> Menos eletricidade em vazio → menos emissões de GEE (âmbito 2) e menos calor para o chiller.
A6: Poupa dinheiro porque… | B6: =INDEX(Ideias_Kaizen!$H$5:$H$8,MATCH("KZ-01",Ideias_Kaizen!$A$5:$A$8,0)) -> Menos kWh na fatura; custo zero (só procedimento e etiqueta).
A7: Poupança anual (kWh) | B7: =INDEX(Ideias_Kaizen!$R$5:$R$8,MATCH("KZ-01",Ideias_Kaizen!$A$5:$A$8,0)) -> 27852
A8: Poupança anual (€) | B8: =INDEX(Ideias_Kaizen!$S$5:$S$8,MATCH("KZ-01",Ideias_Kaizen!$A$5:$A$8,0)) -> 3899.28
A9: Emissões evitadas (tCO2e/ano) | B9: =INDEX(Ideias_Kaizen!$U$5:$U$8,MATCH("KZ-01",Ideias_Kaizen!$A$5:$A$8,0)) -> 3.06372
A10: Custo de implementação (€) | B10: =INDEX(Ideias_Kaizen!$M$5:$M$8,MATCH("KZ-01",Ideias_Kaizen!$A$5:$A$8,0)) -> 300
A11: Payback (meses) | B11: =INDEX(Ideias_Kaizen!$T$5:$T$8,MATCH("KZ-01",Ideias_Kaizen!$A$5:$A$8,0)) -> 0.92324737
A13: TAREFA 2 — Registo no Plano de Ações (Mod.G.10.00) — PAM-26-06
A14: Fonte / Doc. Afeto | B14: Caixa de Sugestões / Kaizen (ideia KZ-01, proposta pelo chefe de turno 3 em 18/09/2026) — oportunidade 10.1
A15: Oportunidade de Melhoria | B15: Na pausa de refeição de 80 min do turno 3, as injetoras e ISBM ficam aquecidas e em vazio; passar a modo standby.
A16: Ações a implementar / Tipo (M) | B16: (M) 1) Definir o modo standby de cada máquina com a manutenção (resistências a 60%, bomba hidráulica desligada, chiller em eco). 2) Colocar a etiqueta 'Pausa 3.º turno' no painel de cada máquina. 3) Criar o checklist de pausa assinado pelo chefe de turno. 4) Formar os operadores do turno 3 (10 min). 5) Medir a poupança com os analisadores de energia (PAM-26-02) e reportar na reunião mensal.
A17: Responsável | B17: Gerente de Produção (implementação); Chefe de turno 3 (execução diária); Gestor do SGA (monitorização da poupança)
A18: Prazo | B18: 30/11/2026 (100% a funcionar); avaliação da eficácia em 28/02/2027 (≥ 90% das pausas com standby e ≥ 1.500 kWh/mês poupados)

Sheet EMAS_Indicadores
A1: DECLARAÇÃO AMBIENTAL EMAS — INDICADORES PRINCIPAIS (PREPARAÇÃO 2027)
A2: R = A / B · B = toneladas de produto (frascos + tampas) · Período jan–dez/2026 · Criticidade: 5 = mais crítico
A4: ID_EMAS | B4: Dominio | C4: Indicador | D4: Valor_A | E4: Unidade_A | F4: Producao_B_t | G4: Racio_R | H4: Unidade_R | I4: Criticidade_1a5 | J4: Ranking | K4: Justificacao
A5: EMAS-01 | B5: Eficiência energética | C5: Consumo total direto de energia | D5: 7781.4 | E5: MWh | F5: 875.5 | G5: =IF(F5=0,"",D5/F5) -> 8.8879497 | H5: =E5&"/t" -> MWh/t | I5: 5 | J5: =IF(RIGHT(A5,1)="b","",IF(RIGHT(A5,1)="c","",COUNTIFS($I$5:$I$15,">"&I5,$A$5:$A$15,"<>*b",$A$5:$A$15,"<>*c")+1)) -> 1 | K5: É o 1.º custo ambiental e a origem de ≈ 99% das emissões de GEE: injeção e sopro são eletrointensivos (≈ 7,2 GWh/ano, instalação SGCIE).
A6: EMAS-01b | B6: Eficiência energética | C6: Energia renovável (garantias de origem) | D6: 4279.8 | E6: MWh | F6: 875.5 | G6: =IF(F6=0,"",D6/F6) -> 4.8884066 | H6: =E6&"/t" -> MWh/t | I6: 5 | J6: =IF(RIGHT(A6,1)="b","",IF(RIGHT(A6,1)="c","",COUNTIFS($I$5:$I$15,">"&I6,$A$5:$A$15,"<>*b",$A$5:$A$15,"<>*c")+1)) | K6: Quota renovável de 55%; a UPAC em estudo pode acrescentar ≈ 1.400 MWh/ano.
A7: EMAS-02 | B7: Eficiência dos materiais | C7: Fluxo mássico de materiais (polímero, tintas, solvente, foil) | D7: 902 | E7: t | F7: 875.5 | G7: =IF(F7=0,"",D7/F7) -> 1.0302684 | H7: =E7&"/t" -> t/t | I7: 5 | J7: =IF(RIGHT(A7,1)="b","",IF(RIGHT(A7,1)="c","",COUNTIFS($I$5:$I$15,">"&I7,$A$5:$A$15,"<>*b",$A$5:$A$15,"<>*c")+1)) -> 1 | K7: O polímero é o maior fluxo de matéria (≈ 810 t/ano) e define a pegada do produto, o scrap e a conformidade PPWR (conteúdo reciclado).
A8: EMAS-03 | B8: Água | C8: Consumo total anual de água | D8: 10179 | E8: m³ | F8: 875.5 | G8: =IF(F8=0,"",D8/F8) -> 11.626499 | H8: =E8&"/t" -> m³/t | I8: 3 | J8: =IF(RIGHT(A8,1)="b","",IF(RIGHT(A8,1)="c","",COUNTIFS($I$5:$I$15,">"&I8,$A$5:$A$15,"<>*b",$A$5:$A$15,"<>*c")+1)) -> 5 | K8: Relevante mas moderado (≈ 9.400 m³): 80% é a torre de arrefecimento; sensível às secas e ao calor.
A9: EMAS-04 | B9: Resíduos | C9: Produção total anual de resíduos | D9: 129.5 | E9: t | F9: 875.5 | G9: =IF(F9=0,"",D9/F9) -> 0.14791548 | H9: =E9&"/t" -> t/t | I9: 4 | J9: =IF(RIGHT(A9,1)="b","",IF(RIGHT(A9,1)="c","",COUNTIFS($I$5:$I$15,">"&I9,$A$5:$A$15,"<>*b",$A$5:$A$15,"<>*c")+1)) -> 3 | K9: Scrap e embalagens são os maiores fluxos; a taxa de valorização (≈ 80%) é um indicador de circularidade valorizado pelos clientes.
A10: EMAS-04b | B10: Resíduos | C10: Resíduos perigosos | D10: 2.15 | E10: t | F10: 875.5 | G10: =IF(F10=0,"",D10/F10) -> 0.0024557396 | H10: =E10&"/t" -> t/t | I10: 4 | J10: =IF(RIGHT(A10,1)="b","",IF(RIGHT(A10,1)="c","",COUNTIFS($I$5:$I$15,">"&I10,$A$5:$A$15,"<>*b",$A$5:$A$15,"<>*c")+1)) | K10: Pouca quantidade (≈ 2 t) mas com gravidade alta (tintas, solventes, óleos).
A11: EMAS-05 | B11: Biodiversidade | C11: Utilização total do solo | D11: 45000 | E11: m² | F11: 875.5 | G11: =IF(F11=0,"",D11/F11) -> 51.3992 | H11: =E11&"/t" -> m²/t | I11: 2 | J11: =IF(RIGHT(A11,1)="b","",IF(RIGHT(A11,1)="c","",COUNTIFS($I$5:$I$15,">"&I11,$A$5:$A$15,"<>*b",$A$5:$A$15,"<>*c")+1)) -> 6 | K11: Terreno de ≈ 4,5 ha em zona industrial, mas vizinho do Pinhal de Leiria: o risco de perdas de granulado e de incêndio liga a instalação à biodiversidade.
A12: EMAS-05b | B12: Biodiversidade | C12: Área impermeabilizada | D12: 32000 | E12: m² | F12: 875.5 | G12: =IF(F12=0,"",D12/F12) -> 36.550543 | H12: =E12&"/t" -> m²/t | I12: 2 | J12: =IF(RIGHT(A12,1)="b","",IF(RIGHT(A12,1)="c","",COUNTIFS($I$5:$I$15,">"&I12,$A$5:$A$15,"<>*b",$A$5:$A$15,"<>*c")+1)) | K12: 71% do terreno impermeabilizado; áreas verdes com espécies nativas em estudo.
A13: EMAS-05c | B13: Biodiversidade | C13: Área orientada para a natureza no local | D13: 3500 | E13: m² | F13: 875.5 | G13: =IF(F13=0,"",D13/F13) -> 3.9977156 | H13: =E13&"/t" -> m²/t | I13: 2 | J13: =IF(RIGHT(A13,1)="b","",IF(RIGHT(A13,1)="c","",COUNTIFS($I$5:$I$15,">"&I13,$A$5:$A$15,"<>*b",$A$5:$A$15,"<>*c")+1)) | K13: Faixa arborizada a norte (gestão de combustível e habitat).
A14: EMAS-06 | B14: Emissões | C14: Emissões anuais de GEE (âmbitos 1 + 2 location-based — RG-SGA-19) | D14: 865.1 | E14: tCO2e | F14: 875.5 | G14: =IF(F14=0,"",D14/F14) -> 0.98812107 | H14: =E14&"/t" -> tCO2e/t | I14: 4 | J14: =IF(RIGHT(A14,1)="b","",IF(RIGHT(A14,1)="c","",COUNTIFS($I$5:$I$15,">"&I14,$A$5:$A$15,"<>*b",$A$5:$A$15,"<>*c")+1)) -> 3 | K14: Mesmo cálculo do inventário de GEE (RG-SGA-19): âmbito 2 856 tCO2e da eletricidade + âmbito 1 9.1 tCO2e (gasóleo e fuga de R410A de nov/2025).
A15: EMAS-06b | B15: Emissões | C15: Emissões de COV (balanço do inventário de químicos — RG-SGA-21) | D15: 1.95 | E15: t | F15: 875.5 | G15: =IF(F15=0,"",D15/F15) -> 0.0022272987 | H15: =E15&"/t" -> t/t | I15: 4 | J15: =IF(RIGHT(A15,1)="b","",IF(RIGHT(A15,1)="c","",COUNTIFS($I$5:$I$15,">"&I15,$A$5:$A$15,"<>*b",$A$5:$A$15,"<>*c")+1)) | K15: Aspeto significativo (IRA 40); inclui solvente de limpeza, tintas, diluente, retardador, isopropanol e aerossóis; abaixo do limiar legal de 5 t/ano.

Sheet EMAS_Transparencia
A1: ID | B1: Receio_Gestao_Topo | C1: Argumento_Transparencia | D1: Mitigacao
A2: TR-01 | B2: Publicar a subida de 15% do solvente e a NC de ruído pode ser usado por concorrentes e prejudicar a imagem junto de clientes e vizinhos. | C2: Os clientes (cosmética, alimentar, farmacêutica) e as autoridades já pedem estes dados; publicar dados verificados com o plano de ação mostra controlo e credibilidade, enquanto esconder expõe a acusações de greenwashing (Diretiva (UE) 2024/825). Uma tendência negativa com ação explicada é mais credível do que números sempre perfeitos. | D2: Publicar sempre o dado com contexto (causa, ação, meta e prazo) e mostrar a série de 3 anos; a verificação pelo verificador acreditado garante que o dado é justo e comparável.
A3: TR-02 | B3: Custo e trabalho de preparar e verificar a Declaração Ambiental todos os anos. | C3: Os dados já existem no painel ambiental (RG-SGA-13) e nos registos do SGA; a declaração reutiliza-os. O registo EMAS pode reduzir inspeções/taxas e dá acesso a concursos públicos e clientes que exigem EMAS. | D3: Automatizar a Declaração a partir do modelo de dados; começar pela declaração simplificada nos anos intermédios quando aplicável.
A4: TR-03 | B4: Obrigação de 'tolerância zero' legal: as NC legais de ruído e PPWR impedem o registo. | C4: É verdade: por isso o plano é resolver as 2 NC até 31/12/2026 e pedir o registo em 2027. Esta exigência reforça a gestão da conformidade (valor para o negócio). | D4: Incluir o fecho das NC legais como pré-requisito no plano EMAS (decisão RG-26-D04).

Sheet Listas
A1: LISTAS CONTROLADAS (domínios de validação de dados) — editar aqui para alterar opções
A2: DataReferencia | B2: EstadoKZ | C2: SimNao | D2: Processo | E2: Escala15
A3: 46387 | B3: Proposta | C3: Sim | D3: REC | E3: 1
B4: Aprovada | C4: Não | D4: ARQ | E4: 2
B5: Em implementação | D5: INJ | E5: 3
B6: Implementada | D6: SOP | E6: 4
B7: Rejeitada | D7: SER | E7: 5
D8: HFS
D9: MOA
D10: UTL
D11: MAN
D12: PRS
D13: EXP
D14: LAB
D15: RD
D16: CMP
D17: ADM
D18: GER

Sheet Dicionario_Dados
A1: Folha | B1: Tabela | C1: Coluna | D1: Tipo | E1: Origem | F1: Descricao | G1: Dominio_Unidade | H1: Obrigatorio | I1: Chave
A2: Ideias_Kaizen | B2: tbl_kaizen | C2: ID_KZ | D2: Texto | E2: Entrada | F2: Ideia. | H2: Sim | I2: PK
A3: Ideias_Kaizen | B3: tbl_kaizen | C3: Data | D3: Data (aaaa-mm-dd) | E3: Entrada | F3: Data da proposta. | H3: Sim
A4: Ideias_Kaizen | B4: tbl_kaizen | C4: Proponente | D4: Texto | E4: Entrada | F4: Quem propôs (função/turno). | H4: Sim
A5: Ideias_Kaizen | B5: tbl_kaizen | C5: Area | D5: Texto | E5: Entrada | F5: Área. | G5: Lista lst_Processo | H5: Sim
A6: Ideias_Kaizen | B6: tbl_kaizen | C6: Titulo | D6: Texto | E6: Entrada | F6: Ideia (curta). | H6: Sim
A7: Ideias_Kaizen | B7: tbl_kaizen | C7: Descricao | D7: Texto | E7: Entrada | F7: Mudança de rotina/organização/comportamento. | H7: Sim
A8: Ideias_Kaizen | B8: tbl_kaizen | C8: Beneficio_Ambiental | D8: Texto | E8: Entrada | F8: Como ajuda o ambiente. | H8: Sim
A9: Ideias_Kaizen | B9: tbl_kaizen | C9: Beneficio_Economico | D9: Texto | E9: Entrada | F9: Como poupa dinheiro. | H9: Sim
A10: Ideias_Kaizen | B10: tbl_kaizen | C10: Unidade_Poupanca | D10: Texto | E10: Entrada | F10: Unidade do recurso poupado. | H10: Sim
A11: Ideias_Kaizen | B11: tbl_kaizen | C11: Driver_Mensal | D11: Decimal | E11: Entrada | F11: Quantidade de base por mês (ver Pressupostos). | H11: Sim
A12: Ideias_Kaizen | B12: tbl_kaizen | C12: Fator_Poupanca | D12: Decimal | E12: Entrada | F12: Poupança por unidade de driver. | H12: Sim
A13: Ideias_Kaizen | B13: tbl_kaizen | C13: Custo_Unitario_EUR | D13: Decimal | E13: Entrada | F13: € por unidade de recurso. | H13: Sim
A14: Ideias_Kaizen | B14: tbl_kaizen | C14: Custo_Implementacao_EUR | D14: Moeda (EUR) | E14: Entrada | F14: Custo de implementação. | H14: Sim
A15: Ideias_Kaizen | B15: tbl_kaizen | C15: Estado | D15: Texto | E15: Entrada | F15: Estado. | G15: Lista lst_EstadoKZ | H15: Sim
A16: Ideias_Kaizen | B16: tbl_kaizen | C16: ID_PAM | D16: Texto | E16: Entrada | F16: Ação no PAM. | H16: Não | I16: FK → RG-SGA-06
A17: Ideias_Kaizen | B17: tbl_kaizen | C17: Selecionado_Atv_6_2 | D17: Texto | E17: Entrada | F17: Ideia da Atividade 6.2. | G17: Lista lst_SimNao | H17: Sim
A18: Ideias_Kaizen | B18: tbl_kaizen | C18: Pressupostos | D18: Texto | E18: Entrada | F18: Origem do driver e do fator. | H18: Sim
A19: Ideias_Kaizen | B19: tbl_kaizen | C19: Poupanca_Anual_Qtd | D19: Decimal | E19: Calculado (fórmula) | F19: Recurso poupado por ano. | H19: Sim
A20: Ideias_Kaizen | B20: tbl_kaizen | C20: Poupanca_Anual_EUR | D20: Moeda (EUR) | E20: Calculado (fórmula) | F20: Poupança anual (€). | H20: Sim
A21: Ideias_Kaizen | B21: tbl_kaizen | C21: Payback_Meses | D21: Decimal | E21: Calculado (fórmula) | F21: Retorno (meses). | H21: Sim
A22: Ideias_Kaizen | B22: tbl_kaizen | C22: tCO2e_Evitadas_Ano | D22: Decimal | E22: Calculado (fórmula) | F22: Emissões evitadas (kWh × 0,110 kgCO2e/kWh; polímero × 1,8 kgCO2e/kg). | H22: Sim
A23: Ideias_Kaizen | B23: tbl_kaizen | C23: Custo_Zero | D23: Texto | E23: Calculado (fórmula) | F23: Custo zero ou quase zero (≤ 500 €)? | H23: Sim
A24: EMAS_Indicadores | B24: tbl_emas | C24: ID_EMAS | D24: Texto | E24: Entrada | F24: Indicador. | H24: Sim | I24: PK
A25: EMAS_Indicadores | B25: tbl_emas | C25: Dominio | D25: Texto | E25: Entrada | F25: Domínio-chave do Anexo IV EMAS. | H25: Sim
A26: EMAS_Indicadores | B26: tbl_emas | C26: Indicador | D26: Texto | E26: Entrada | F26: Indicador. | H26: Sim
A27: EMAS_Indicadores | B27: tbl_emas | C27: Valor_A | D27: Decimal | E27: Entrada | F27: A: impacto/consumo total anual (jan–dez/2026). | H27: Sim
A28: EMAS_Indicadores | B28: tbl_emas | C28: Unidade_A | D28: Texto | E28: Entrada | F28: Unidade de A. | H28: Sim
A29: EMAS_Indicadores | B29: tbl_emas | C29: Producao_B_t | D29: Decimal | E29: Entrada | F29: B: produção anual total (t de produto: frascos + tampas). | H29: Sim
A30: EMAS_Indicadores | B30: tbl_emas | C30: Racio_R | D30: Decimal | E30: Calculado (fórmula) | F30: R = A / B (por tonelada de produto). | H30: Sim
A31: EMAS_Indicadores | B31: tbl_emas | C31: Unidade_R | D31: Texto | E31: Calculado (fórmula) | F31: Unidade de R. | H31: Sim
A32: EMAS_Indicadores | B32: tbl_emas | C32: Criticidade_1a5 | D32: Inteiro | E32: Entrada | F32: Criticidade para a Plasticom (5 = mais crítico). | G32: Lista lst_Escala15 | H32: Sim
A33: EMAS_Indicadores | B33: tbl_emas | C33: Ranking | D33: Inteiro | E33: Calculado (fórmula) | F33: Posição do domínio (indicadores principais). | H33: Sim
A34: EMAS_Indicadores | B34: tbl_emas | C34: Justificacao | D34: Texto | E34: Entrada | F34: Justificação com base na atividade da Plasticom. | H34: Sim
A35: EMAS_Transparencia | B35: tbl_emas_transparencia | C35: ID | D35: Texto | E35: Entrada | F35: Tema. | H35: Sim | I35: PK
A36: EMAS_Transparencia | B36: tbl_emas_transparencia | C36: Receio_Gestao_Topo | D36: Texto | E36: Entrada | F36: Receio de publicar os dados. | H36: Sim
A37: EMAS_Transparencia | B37: tbl_emas_transparencia | C37: Argumento_Transparencia | D37: Texto | E37: Entrada | F37: Porque a transparência compensa o risco. | H37: Sim
A38: EMAS_Transparencia | B38: tbl_emas_transparencia | C38: Mitigacao | D38: Texto | E38: Entrada | F38: Como reduzir o risco. | H38: Sim
