Workbook
Name DataRef: Listas!$A$3
Name lst_Categoria: Listas!$B$3:$B$7
Name lst_DataReferencia: Listas!$A$3:$A$3
Name lst_Funcao: Listas!$D$3:$D$24
Name lst_MA_Exec: Listas!$H$3:$H$4
Name lst_MA_Res: Listas!$I$3:$I$5
Name lst_MA_SimNao: Listas!$J$3:$J$4
Name lst_MA_Tipo: Listas!$G$3:$G$8
Name lst_Processo: Listas!$C$3:$C$18
Name lst_Resultado: Listas!$E$3:$E$5
Name lst_SimNao: Listas!$F$3:$F$4

Sheet 00_LEIA-ME
A1: RG-SGA-10 — Controlo Operacional — Checklist de Supervisão e Registo de Rondas Ambientais
A2: Sistema de Gestão Ambiental NP EN ISO 14001:2026 · Plasticom — Unidade 1 (Marinha Grande, Portugal) · Registo do SGA (fábrica simulada)
A4: CONTROLO DO DOCUMENTO (7.5 — informação documentada)
A5: Código do registo | B5: RG-SGA-10
A6: Título | B6: Controlo Operacional — Checklist de Supervisão e Registo de Rondas Ambientais
A7: Versão / Revisão | B7: 01
A8: Data de emissão | B8: 46387
A9: Elaborado por | B9: Gestor(a) do SGA / EHS
A10: Aprovado por | B10: Diretor Geral
A11: Estado | B11: Em vigor
A12: Retenção | B12: 5 anos após substituição
A13: Localização | B13: Repositório controlado do SGA > Registos_SGA_Plasticom (versão eletrónica é a versão controlada; cópias impressas são não controladas)
A15: FINALIDADE E ÂMBITO
A16: Finalidade | B16: Definir os pontos de controlo com critério de aceitação objetivo (quando está OK?) e registar cada ronda ponto a ponto, com evidência e ligação às NC. O histórico semanal de 2026 permite medir a taxa de conformidade por ponto, área e mês e prever onde os desvios vão ocorrer.
A17: Atividades do curso | B17: Atividade 4.3 — Criação de Checklist de Supervisão Operacional (Ronda Ambiental): 4 categorias × 2 pontos de controlo (+ 2 pontos extra).
A18: Requisitos ISO 14001:2026 | B18: 8.1 Planeamento e controlo operacional; 8.2 (meios de emergência); 9.1.1 (monitorização)
A20: ESTRUTURA DO FICHEIRO
A21: Pontos_Controlo | B21: Checklist de supervisão: pontos de controlo e critérios de aceitação, com desempenho calculado.
A22: Execucao_Rondas | B22: Registo das rondas (1 linha por ronda × ponto) — série temporal para análise.
A23: Indicadores_Mensais | B23: Taxa de conformidade mensal por categoria (calculada) — KPI-10.
A24: Checklist_Ronda_Impressao | B24: Checklist de ronda para imprimir e levar para o terreno (pontos e critérios calculados a partir da tabela).
A25: Manutencao_Ambiental | B25: Manutenção de equipamentos com relevância ambiental: controlo de fugas F-gas, torre (Legionella), compressores, exaustão, meios de emergência (7.1, 8.1).
A26: Listas | B26: Domínios (listas de valores) usados na validação de dados das tabelas.
A27: Dicionario_Dados | B27: Descrição de cada coluna de cada tabela: tipo, origem (entrada/calculado), domínio, obrigatoriedade e chaves.
A29: CONVENÇÕES (prontas para análise de dados e machine learning)
A30: Tabelas | B30: Cada registo é uma Tabela Excel com nome próprio (tbl_*): uma linha = um registo, cabeçalho único, sem células mescladas. Ler com pandas (pd.read_excel(ficheiro, sheet_name=folha, header=<linha do cabeçalho - 1>)) ou Power BI (Obter Dados > Tabela).
A31: Cabeçalho cinzento | B31: Coluna CALCULADA por fórmula — não escrever por cima. As restantes colunas são de entrada.
A32: Validação | B32: Colunas com lista controlada só aceitam valores da folha Listas (evita categorias duplicadas por grafia diferente).
A33: Chaves | B33: IDs estáveis e únicos (PK) e referências a IDs de outros registos (FK) permitem juntar tabelas entre ficheiros — ver SGA-00_Indice_Modelo_Dados.xlsx.
A34: Datas e unidades | B34: Datas em formato data (aaaa-mm-dd); números como números; a unidade está no nome da coluna ou no dicionário. Data de referência do SGA: 2026-12-31 (fecho do ano).
A35: Dados simulados | B35: Fábrica simulada Plasticom. Dados operacionais derivados do dataset do projeto (datasets/silver); dados ambientais e de conformidade são simulação didática — confirmar aplicabilidade legal e números antes de uso real.
A37: LIGAÇÕES A OUTROS REGISTOS
A38: RG-SGA-03 Aspetos | B38: ID_Aspeto: aspeto que o ponto controla.
A39: RG-SGA-07 NC | B39: ID_NC: não conformidade aberta a partir da ronda.

Sheet Pontos_Controlo
A1: CHECKLIST DE SUPERVISÃO OPERACIONAL (RONDA AMBIENTAL) — PLASTICOM
A2: Categoria → Ponto de controlo (o que verificar?) → Critério de aceitação (quando está OK?) · Desempenho calculado a partir das rondas de 2026
A4: ID_Ponto | B4: Categoria | C4: Area | D4: Ponto_Controlo | E4: Criterio_Aceitacao | F4: Metodo | G4: Frequencia | H4: Responsavel | I4: ID_Aspeto | J4: Clausula | K4: Selecionado_Atv_4_3 | L4: N_Verificacoes | M4: Taxa_Conformidade | N4: Taxa_Ultimas_8 | O4: Tendencia
A5: RON-01 | B5: 1. Gestão de Produtos Químicos | C5: SER | D5: Recipientes de tinta e solvente no posto de serigrafia. | E5: Todos os recipientes fechados quando não estão em uso imediato; rótulo CLP legível; solvente só em dispensador de segurança. | F5: Observação direta | G5: Semanal | H5: Gestor do SGA / EHS (Responsável Ambiental) | I5: AA-014 | J5: 8.1 | K5: Sim | L5: =COUNTIF(tbl_execucao_rondas[ID_Ponto],A5) -> 52 | M5: =IFERROR(COUNTIFS(tbl_execucao_rondas[ID_Ponto],A5,tbl_execucao_rondas[Resultado],"Conforme")/L5,"") -> 0.84615385 | N5: =IFERROR(COUNTIFS(tbl_execucao_rondas[ID_Ponto],A5,tbl_execucao_rondas[Resultado],"Conforme",tbl_execucao_rondas[Data],">="&(DataRef-56))/COUNTIFS(tbl_execucao_rondas[ID_Ponto],A5,tbl_execucao_rondas[Data],">="&(DataRef-56)),"") -> 1 | O5: =IF(OR(N5="",M5=""),"",IF(N5-M5>=0.05,"▲ Melhoria",IF(M5-N5>=0.05,"▼ Degradação","≈ Estável"))) -> ▲ Melhoria
A6: RON-02 | B6: 1. Gestão de Produtos Químicos | C6: ARQ | D6: Armazenagem de bidões e embalagens de químicos no armazém. | E6: 100% dos recipientes > 20 L sobre bacia de retenção (capacidade ≥ maior recipiente); incompatíveis separados; FDS acessíveis. | F6: Observação + contagem | G6: Semanal | H6: Responsável de Armazém e Logística | I6: AA-005 | J6: 8.1 | K6: Sim | L6: =COUNTIF(tbl_execucao_rondas[ID_Ponto],A6) -> 52 | M6: =IFERROR(COUNTIFS(tbl_execucao_rondas[ID_Ponto],A6,tbl_execucao_rondas[Resultado],"Conforme")/L6,"") -> 0.76923077 | N6: =IFERROR(COUNTIFS(tbl_execucao_rondas[ID_Ponto],A6,tbl_execucao_rondas[Resultado],"Conforme",tbl_execucao_rondas[Data],">="&(DataRef-56))/COUNTIFS(tbl_execucao_rondas[ID_Ponto],A6,tbl_execucao_rondas[Data],">="&(DataRef-56)),"") -> 0.75 | O6: =IF(OR(N6="",M6=""),"",IF(N6-M6>=0.05,"▲ Melhoria",IF(M6-N6>=0.05,"▼ Degradação","≈ Estável"))) -> ≈ Estável
A7: RON-03 | B7: 2. Eficiência e Manutenção | C7: UTL | D7: Rede de ar comprimido (ligações rápidas, mangueiras, purgadores). | E7: Sem silvos (fugas audíveis); cada fuga detetada tem etiqueta e ordem de trabalho com prazo ≤ 15 dias. | F7: Escuta + detetor ultrassónico mensal | G7: Semanal | H7: Técnico de Manutenção | I7: AA-021 | J7: 8.1 | K7: Sim | L7: =COUNTIF(tbl_execucao_rondas[ID_Ponto],A7) -> 52 | M7: =IFERROR(COUNTIFS(tbl_execucao_rondas[ID_Ponto],A7,tbl_execucao_rondas[Resultado],"Conforme")/L7,"") -> 0.86538462 | N7: =IFERROR(COUNTIFS(tbl_execucao_rondas[ID_Ponto],A7,tbl_execucao_rondas[Resultado],"Conforme",tbl_execucao_rondas[Data],">="&(DataRef-56))/COUNTIFS(tbl_execucao_rondas[ID_Ponto],A7,tbl_execucao_rondas[Data],">="&(DataRef-56)),"") -> 1 | O7: =IF(OR(N7="",M7=""),"",IF(N7-M7>=0.05,"▲ Melhoria",IF(M7-N7>=0.05,"▼ Degradação","≈ Estável"))) -> ▲ Melhoria
A8: RON-04 | B8: 2. Eficiência e Manutenção | C8: INJ | D8: Máquinas de injeção/sopro: fugas de óleo e água e registos de manutenção. | E8: Piso seco sob as máquinas; tabuleiros de retenção sem óleo acumulado; plano de manutenção preventiva sem atrasos > 7 dias. | F8: Observação + consulta do registo de manutenção | G8: Semanal | H8: Técnico de Manutenção | I8: AA-009 | J8: 8.1 | K8: Sim | L8: =COUNTIF(tbl_execucao_rondas[ID_Ponto],A8) -> 52 | M8: =IFERROR(COUNTIFS(tbl_execucao_rondas[ID_Ponto],A8,tbl_execucao_rondas[Resultado],"Conforme")/L8,"") -> 0.96153846 | N8: =IFERROR(COUNTIFS(tbl_execucao_rondas[ID_Ponto],A8,tbl_execucao_rondas[Resultado],"Conforme",tbl_execucao_rondas[Data],">="&(DataRef-56))/COUNTIFS(tbl_execucao_rondas[ID_Ponto],A8,tbl_execucao_rondas[Data],">="&(DataRef-56)),"") -> 0.875 | O8: =IF(OR(N8="",M8=""),"",IF(N8-M8>=0.05,"▲ Melhoria",IF(M8-N8>=0.05,"▼ Degradação","≈ Estável"))) -> ▼ Degradação
A9: RON-05 | B9: 3. Emergência | C9: GER | D9: Válvula de corte da rede pluvial e sarjetas. | E9: Válvula acessível, sinalizada e operacional (manobra de teste); sarjetas sem obstrução; bacias de retenção secas, limpas e sem lixo. | F9: Manobra de teste + observação | G9: Mensal | H9: Técnico de Utilidades | I9: AA-034 | J9: 8.2 | K9: Sim | L9: =COUNTIF(tbl_execucao_rondas[ID_Ponto],A9) -> 13 | M9: =IFERROR(COUNTIFS(tbl_execucao_rondas[ID_Ponto],A9,tbl_execucao_rondas[Resultado],"Conforme")/L9,"") -> 0.92307692 | N9: =IFERROR(COUNTIFS(tbl_execucao_rondas[ID_Ponto],A9,tbl_execucao_rondas[Resultado],"Conforme",tbl_execucao_rondas[Data],">="&(DataRef-56))/COUNTIFS(tbl_execucao_rondas[ID_Ponto],A9,tbl_execucao_rondas[Data],">="&(DataRef-56)),"") -> 1 | O9: =IF(OR(N9="",M9=""),"",IF(N9-M9>=0.05,"▲ Melhoria",IF(M9-N9>=0.05,"▼ Degradação","≈ Estável"))) -> ▲ Melhoria
A10: RON-06 | B10: 3. Emergência | C10: GER | D10: Kits antipoluição (KIT-01 a KIT-05). | E10: Selo intacto com n.º registado; conteúdo completo (12 almofadas, 2 barreiras, luvas, óculos, sacos, instrução IT-SGA-01); acessível e sinalizado. | F10: Verificação do selo e do conteúdo | G10: Semanal (mensal até set/2026) | H10: Responsável de Armazém e Logística | I10: AA-005 | J10: 8.2 | K10: Sim | L10: =COUNTIF(tbl_execucao_rondas[ID_Ponto],A10) -> 13 | M10: =IFERROR(COUNTIFS(tbl_execucao_rondas[ID_Ponto],A10,tbl_execucao_rondas[Resultado],"Conforme")/L10,"") -> 0.92307692 | N10: =IFERROR(COUNTIFS(tbl_execucao_rondas[ID_Ponto],A10,tbl_execucao_rondas[Resultado],"Conforme",tbl_execucao_rondas[Data],">="&(DataRef-56))/COUNTIFS(tbl_execucao_rondas[ID_Ponto],A10,tbl_execucao_rondas[Data],">="&(DataRef-56)),"") -> 1 | O10: =IF(OR(N10="",M10=""),"",IF(N10-M10>=0.05,"▲ Melhoria",IF(M10-N10>=0.05,"▼ Degradação","≈ Estável"))) -> ▲ Melhoria
A11: RON-07 | B11: 4. Gestão de Resíduos | C11: PRS | D11: Segregação e identificação dos resíduos no parque e nas áreas. | E11: Cada contentor com etiqueta de código LER; sem mistura de fluxos; scrap limpo separado por cor/polímero. | F11: Observação | G11: Semanal | H11: Responsável de Armazém e Logística | I11: AA-029 | J11: 8.1 | K11: Sim | L11: =COUNTIF(tbl_execucao_rondas[ID_Ponto],A11) -> 52 | M11: =IFERROR(COUNTIFS(tbl_execucao_rondas[ID_Ponto],A11,tbl_execucao_rondas[Resultado],"Conforme")/L11,"") -> 0.90384615 | N11: =IFERROR(COUNTIFS(tbl_execucao_rondas[ID_Ponto],A11,tbl_execucao_rondas[Resultado],"Conforme",tbl_execucao_rondas[Data],">="&(DataRef-56))/COUNTIFS(tbl_execucao_rondas[ID_Ponto],A11,tbl_execucao_rondas[Data],">="&(DataRef-56)),"") -> 0.875 | O11: =IF(OR(N11="",M11=""),"",IF(N11-M11>=0.05,"▲ Melhoria",IF(M11-N11>=0.05,"▼ Degradação","≈ Estável"))) -> ≈ Estável
A12: RON-08 | B12: 4. Gestão de Resíduos | C12: PRS | D12: Acondicionamento dos resíduos perigosos. | E12: Contentores fechados com tampa, identificados, em bacia e sob cobertura; zona limpa; e-GAR do último envio confirmada. | F12: Observação + SILiAmb | G12: Semanal | H12: Responsável de Armazém e Logística | I12: AA-016 | J12: 8.1 | K12: Sim | L12: =COUNTIF(tbl_execucao_rondas[ID_Ponto],A12) -> 52 | M12: =IFERROR(COUNTIFS(tbl_execucao_rondas[ID_Ponto],A12,tbl_execucao_rondas[Resultado],"Conforme")/L12,"") -> 1 | N12: =IFERROR(COUNTIFS(tbl_execucao_rondas[ID_Ponto],A12,tbl_execucao_rondas[Resultado],"Conforme",tbl_execucao_rondas[Data],">="&(DataRef-56))/COUNTIFS(tbl_execucao_rondas[ID_Ponto],A12,tbl_execucao_rondas[Data],">="&(DataRef-56)),"") -> 1 | O12: =IF(OR(N12="",M12=""),"",IF(N12-M12>=0.05,"▲ Melhoria",IF(M12-N12>=0.05,"▼ Degradação","≈ Estável"))) -> ≈ Estável
A13: RON-09 | B13: 5. Perdas de granulado e energia (extra) | C13: REC | D13: Perdas de granulado nos silos, zona de descarga e sarjetas exteriores. | E13: Sem grânulos visíveis no pavimento exterior nem nos filtros das sarjetas; tabuleiros de descarga em uso. | F13: Observação | G13: Semanal | H13: Operador de Armazém / Empilhador | I13: AA-003 | J13: 8.1 | K13: Não | L13: =COUNTIF(tbl_execucao_rondas[ID_Ponto],A13) -> 52 | M13: =IFERROR(COUNTIFS(tbl_execucao_rondas[ID_Ponto],A13,tbl_execucao_rondas[Resultado],"Conforme")/L13,"") -> 0.61538462 | N13: =IFERROR(COUNTIFS(tbl_execucao_rondas[ID_Ponto],A13,tbl_execucao_rondas[Resultado],"Conforme",tbl_execucao_rondas[Data],">="&(DataRef-56))/COUNTIFS(tbl_execucao_rondas[ID_Ponto],A13,tbl_execucao_rondas[Data],">="&(DataRef-56)),"") -> 1 | O13: =IF(OR(N13="",M13=""),"",IF(N13-M13>=0.05,"▲ Melhoria",IF(M13-N13>=0.05,"▼ Degradação","≈ Estável"))) -> ▲ Melhoria
A14: RON-11 | B14: 1. Gestão de Produtos Químicos | C14: GER | D14: Armazenagem de químicos fora do armazém (torre TR-01, oficina, parque de gases, depósito de gasóleo, laboratório, sala de baterias). | E14: Recipientes em bacia com capacidade suficiente; incompatíveis separados (hipoclorito × ácidos; oxigénio × gases inflamáveis); kit acessível; FDS disponíveis; sem fugas. | F14: Observação + contagem (locais ARM-04 a ARM-09 do RG-SGA-21) | G14: Mensal | H14: Responsável de Armazém e Logística | I14: AA-005 | J14: 8.1 | K14: Não | L14: =COUNTIF(tbl_execucao_rondas[ID_Ponto],A14) -> 13 | M14: =IFERROR(COUNTIFS(tbl_execucao_rondas[ID_Ponto],A14,tbl_execucao_rondas[Resultado],"Conforme")/L14,"") -> 1 | N14: =IFERROR(COUNTIFS(tbl_execucao_rondas[ID_Ponto],A14,tbl_execucao_rondas[Resultado],"Conforme",tbl_execucao_rondas[Data],">="&(DataRef-56))/COUNTIFS(tbl_execucao_rondas[ID_Ponto],A14,tbl_execucao_rondas[Data],">="&(DataRef-56)),"") -> 1 | O14: =IF(OR(N14="",M14=""),"",IF(N14-M14>=0.05,"▲ Melhoria",IF(M14-N14>=0.05,"▼ Degradação","≈ Estável"))) -> ≈ Estável
A15: RON-10 | B15: 5. Perdas de granulado e energia (extra) | C15: INJ | D15: Máquinas e iluminação em paragens. | E15: Máquinas paradas > 30 min em standby; iluminação desligada em zonas sem atividade. | F15: Observação | G15: Semanal | H15: Chefe de Turno | I15: AA-007 | J15: 8.1 | K15: Não | L15: =COUNTIF(tbl_execucao_rondas[ID_Ponto],A15) -> 52 | M15: =IFERROR(COUNTIFS(tbl_execucao_rondas[ID_Ponto],A15,tbl_execucao_rondas[Resultado],"Conforme")/L15,"") -> 0.82692308 | N15: =IFERROR(COUNTIFS(tbl_execucao_rondas[ID_Ponto],A15,tbl_execucao_rondas[Resultado],"Conforme",tbl_execucao_rondas[Data],">="&(DataRef-56))/COUNTIFS(tbl_execucao_rondas[ID_Ponto],A15,tbl_execucao_rondas[Data],">="&(DataRef-56)),"") -> 1 | O15: =IF(OR(N15="",M15=""),"",IF(N15-M15>=0.05,"▲ Melhoria",IF(M15-N15>=0.05,"▼ Degradação","≈ Estável"))) -> ▲ Melhoria

Sheet Execucao_Rondas
A1: ID_Ronda | B1: Data | C1: Ano_Mes | D1: Turno | E1: ID_Ponto | F1: Categoria | G1: Resultado | H1: Observacao | I1: Acao_Imediata | J1: ID_NC | K1: Evidencia_Foto | L1: Verificador | M1: NC_Flag
A2: RND-26-01 | B2: 46027 | C2: =YEAR(B2)*100+MONTH(B2) -> 202601 | D2: 1 | E2: RON-01 | F2: =IFERROR(INDEX(tbl_pontos[Categoria],MATCH(E2,tbl_pontos[ID_Ponto],0)),"") -> 1. Gestão de Produtos Químicos | G2: Conforme | L2: Gestor do SGA / EHS (Responsável Ambiental) | M2: =IF(G2="Não conforme",1,0) -> 0
A3: RND-26-01 | B3: 46027 | C3: =YEAR(B3)*100+MONTH(B3) -> 202601 | D3: 3 | E3: RON-02 | F3: =IFERROR(INDEX(tbl_pontos[Categoria],MATCH(E3,tbl_pontos[ID_Ponto],0)),"") -> 1. Gestão de Produtos Químicos | G3: Conforme | L3: Gestor do SGA / EHS (Responsável Ambiental) | M3: =IF(G3="Não conforme",1,0) -> 0
A4: RND-26-01 | B4: 46027 | C4: =YEAR(B4)*100+MONTH(B4) -> 202601 | D4: 2 | E4: RON-03 | F4: =IFERROR(INDEX(tbl_pontos[Categoria],MATCH(E4,tbl_pontos[ID_Ponto],0)),"") -> 2. Eficiência e Manutenção | G4: Conforme | L4: Gestor do SGA / EHS (Responsável Ambiental) | M4: =IF(G4="Não conforme",1,0) -> 0
A5: RND-26-01 | B5: 46027 | C5: =YEAR(B5)*100+MONTH(B5) -> 202601 | D5: 2 | E5: RON-04 | F5: =IFERROR(INDEX(tbl_pontos[Categoria],MATCH(E5,tbl_pontos[ID_Ponto],0)),"") -> 2. Eficiência e Manutenção | G5: Conforme | L5: Gestor do SGA / EHS (Responsável Ambiental) | M5: =IF(G5="Não conforme",1,0) -> 0
A6: RND-26-01 | B6: 46027 | C6: =YEAR(B6)*100+MONTH(B6) -> 202601 | D6: 1 | E6: RON-05 | F6: =IFERROR(INDEX(tbl_pontos[Categoria],MATCH(E6,tbl_pontos[ID_Ponto],0)),"") -> 3. Emergência | G6: Conforme | L6: Gestor do SGA / EHS (Responsável Ambiental) | M6: =IF(G6="Não conforme",1,0) -> 0
A7: RND-26-01 | B7: 46027 | C7: =YEAR(B7)*100+MONTH(B7) -> 202601 | D7: 1 | E7: RON-06 | F7: =IFERROR(INDEX(tbl_pontos[Categoria],MATCH(E7,tbl_pontos[ID_Ponto],0)),"") -> 3. Emergência | G7: Conforme | L7: Gestor do SGA / EHS (Responsável Ambiental) | M7: =IF(G7="Não conforme",1,0) -> 0
A8: RND-26-01 | B8: 46027 | C8: =YEAR(B8)*100+MONTH(B8) -> 202601 | D8: 1 | E8: RON-07 | F8: =IFERROR(INDEX(tbl_pontos[Categoria],MATCH(E8,tbl_pontos[ID_Ponto],0)),"") -> 4. Gestão de Resíduos | G8: Conforme | L8: Gestor do SGA / EHS (Responsável Ambiental) | M8: =IF(G8="Não conforme",1,0) -> 0
A9: RND-26-01 | B9: 46027 | C9: =YEAR(B9)*100+MONTH(B9) -> 202601 | D9: 1 | E9: RON-08 | F9: =IFERROR(INDEX(tbl_pontos[Categoria],MATCH(E9,tbl_pontos[ID_Ponto],0)),"") -> 4. Gestão de Resíduos | G9: Conforme | L9: Gestor do SGA / EHS (Responsável Ambiental) | M9: =IF(G9="Não conforme",1,0) -> 0
A10: RND-26-01 | B10: 46027 | C10: =YEAR(B10)*100+MONTH(B10) -> 202601 | D10: 2 | E10: RON-09 | F10: =IFERROR(INDEX(tbl_pontos[Categoria],MATCH(E10,tbl_pontos[ID_Ponto],0)),"") -> 5. Perdas de granulado e energia (extra) | G10: Conforme | L10: Gestor do SGA / EHS (Responsável Ambiental) | M10: =IF(G10="Não conforme",1,0) -> 0
A11: RND-26-01 | B11: 46027 | C11: =YEAR(B11)*100+MONTH(B11) -> 202601 | D11: 1 | E11: RON-10 | F11: =IFERROR(INDEX(tbl_pontos[Categoria],MATCH(E11,tbl_pontos[ID_Ponto],0)),"") -> 5. Perdas de granulado e energia (extra) | G11: Não conforme | H11: Máquina parada sem standby. | I11: Corrigido no momento | K11: RND-26-01-RON-10.jpg | L11: Gestor do SGA / EHS (Responsável Ambiental) | M11: =IF(G11="Não conforme",1,0) -> 1
A12: RND-26-02 | B12: 46034 | C12: =YEAR(B12)*100+MONTH(B12) -> 202601 | D12: 1 | E12: RON-01 | F12: =IFERROR(INDEX(tbl_pontos[Categoria],MATCH(E12,tbl_pontos[ID_Ponto],0)),"") -> 1. Gestão de Produtos Químicos | G12: Conforme | L12: Chefe de Turno | M12: =IF(G12="Não conforme",1,0) -> 0
A13: RND-26-02 | B13: 46034 | C13: =YEAR(B13)*100+MONTH(B13) -> 202601 | D13: 2 | E13: RON-02 | F13: =IFERROR(INDEX(tbl_pontos[Categoria],MATCH(E13,tbl_pontos[ID_Ponto],0)),"") -> 1. Gestão de Produtos Químicos | G13: Conforme | L13: Chefe de Turno | M13: =IF(G13="Não conforme",1,0) -> 0
A14: RND-26-02 | B14: 46034 | C14: =YEAR(B14)*100+MONTH(B14) -> 202601 | D14: 1 | E14: RON-03 | F14: =IFERROR(INDEX(tbl_pontos[Categoria],MATCH(E14,tbl_pontos[ID_Ponto],0)),"") -> 2. Eficiência e Manutenção | G14: Conforme | L14: Chefe de Turno | M14: =IF(G14="Não conforme",1,0) -> 0
A15: RND-26-02 | B15: 46034 | C15: =YEAR(B15)*100+MONTH(B15) -> 202601 | D15: 3 | E15: RON-04 | F15: =IFERROR(INDEX(tbl_pontos[Categoria],MATCH(E15,tbl_pontos[ID_Ponto],0)),"") -> 2. Eficiência e Manutenção | G15: Conforme | L15: Chefe de Turno | M15: =IF(G15="Não conforme",1,0) -> 0
A16: RND-26-02 | B16: 46034 | C16: =YEAR(B16)*100+MONTH(B16) -> 202601 | D16: 1 | E16: RON-07 | F16: =IFERROR(INDEX(tbl_pontos[Categoria],MATCH(E16,tbl_pontos[ID_Ponto],0)),"") -> 4. Gestão de Resíduos | G16: Conforme | L16: Chefe de Turno | M16: =IF(G16="Não conforme",1,0) -> 0
A17: RND-26-02 | B17: 46034 | C17: =YEAR(B17)*100+MONTH(B17) -> 202601 | D17: 1 | E17: RON-08 | F17: =IFERROR(INDEX(tbl_pontos[Categoria],MATCH(E17,tbl_pontos[ID_Ponto],0)),"") -> 4. Gestão de Resíduos | G17: Conforme | L17: Chefe de Turno | M17: =IF(G17="Não conforme",1,0) -> 0
A18: RND-26-02 | B18: 46034 | C18: =YEAR(B18)*100+MONTH(B18) -> 202601 | D18: 2 | E18: RON-09 | F18: =IFERROR(INDEX(tbl_pontos[Categoria],MATCH(E18,tbl_pontos[ID_Ponto],0)),"") -> 5. Perdas de granulado e energia (extra) | G18: Não conforme | H18: Grânulos no pavimento junto aos silos. | I18: Pedido de reposição / ordem de trabalho | K18: RND-26-02-RON-09.jpg | L18: Chefe de Turno | M18: =IF(G18="Não conforme",1,0) -> 1
A19: RND-26-02 | B19: 46034 | C19: =YEAR(B19)*100+MONTH(B19) -> 202601 | D19: 1 | E19: RON-10 | F19: =IFERROR(INDEX(tbl_pontos[Categoria],MATCH(E19,tbl_pontos[ID_Ponto],0)),"") -> 5. Perdas de granulado e energia (extra) | G19: Conforme | L19: Chefe de Turno | M19: =IF(G19="Não conforme",1,0) -> 0
A20: RND-26-03 | B20: 46041 | C20: =YEAR(B20)*100+MONTH(B20) -> 202601 | D20: 1 | E20: RON-01 | F20: =IFERROR(INDEX(tbl_pontos[Categoria],MATCH(E20,tbl_pontos[ID_Ponto],0)),"") -> 1. Gestão de Produtos Químicos | G20: Conforme | L20: Gestor do SGA / EHS (Responsável Ambiental) | M20: =IF(G20="Não conforme",1,0) -> 0
A21: RND-26-03 | B21: 46041 | C21: =YEAR(B21)*100+MONTH(B21) -> 202601 | D21: 1 | E21: RON-02 | F21: =IFERROR(INDEX(tbl_pontos[Categoria],MATCH(E21,tbl_pontos[ID_Ponto],0)),"") -> 1. Gestão de Produtos Químicos | G21: Não conforme | H21: Recipiente fora de bacia. | I21: Pedido de reposição / ordem de trabalho | K21: RND-26-03-RON-02.jpg | L21: Gestor do SGA / EHS (Responsável Ambiental) | M21: =IF(G21="Não conforme",1,0) -> 1
A22: RND-26-03 | B22: 46041 | C22: =YEAR(B22)*100+MONTH(B22) -> 202601 | D22: 1 | E22: RON-03 | F22: =IFERROR(INDEX(tbl_pontos[Categoria],MATCH(E22,tbl_pontos[ID_Ponto],0)),"") -> 2. Eficiência e Manutenção | G22: Conforme | L22: Gestor do SGA / EHS (Responsável Ambiental) | M22: =IF(G22="Não conforme",1,0) -> 0
A23: RND-26-03 | B23: 46041 | C23: =YEAR(B23)*100+MONTH(B23) -> 202601 | D23: 1 | E23: RON-04 | F23: =IFERROR(INDEX(tbl_pontos[Categoria],MATCH(E23,tbl_pontos[ID_Ponto],0)),"") -> 2. Eficiência e Manutenção | G23: Conforme | L23: Gestor do SGA / EHS (Responsável Ambiental) | M23: =IF(G23="Não conforme",1,0) -> 0
A24: RND-26-03 | B24: 46041 | C24: =YEAR(B24)*100+MONTH(B24) -> 202601 | D24: 1 | E24: RON-07 | F24: =IFERROR(INDEX(tbl_pontos[Categoria],MATCH(E24,tbl_pontos[ID_Ponto],0)),"") -> 4. Gestão de Resíduos | G24: Conforme | L24: Gestor do SGA / EHS (Responsável Ambiental) | M24: =IF(G24="Não conforme",1,0) -> 0
A25: RND-26-03 | B25: 46041 | C25: =YEAR(B25)*100+MONTH(B25) -> 202601 | D25: 1 | E25: RON-08 | F25: =IFERROR(INDEX(tbl_pontos[Categoria],MATCH(E25,tbl_pontos[ID_Ponto],0)),"") -> 4. Gestão de Resíduos | G25: Conforme | L25: Gestor do SGA / EHS (Responsável Ambiental) | M25: =IF(G25="Não conforme",1,0) -> 0
A26: RND-26-03 | B26: 46041 | C26: =YEAR(B26)*100+MONTH(B26) -> 202601 | D26: 2 | E26: RON-09 | F26: =IFERROR(INDEX(tbl_pontos[Categoria],MATCH(E26,tbl_pontos[ID_Ponto],0)),"") -> 5. Perdas de granulado e energia (extra) | G26: Conforme | L26: Gestor do SGA / EHS (Responsável Ambiental) | M26: =IF(G26="Não conforme",1,0) -> 0
A27: RND-26-03 | B27: 46041 | C27: =YEAR(B27)*100+MONTH(B27) -> 202601 | D27: 1 | E27: RON-10 | F27: =IFERROR(INDEX(tbl_pontos[Categoria],MATCH(E27,tbl_pontos[ID_Ponto],0)),"") -> 5. Perdas de granulado e energia (extra) | G27: Conforme | L27: Gestor do SGA / EHS (Responsável Ambiental) | M27: =IF(G27="Não conforme",1,0) -> 0
A28: RND-26-04 | B28: 46048 | C28: =YEAR(B28)*100+MONTH(B28) -> 202601 | D28: 2 | E28: RON-01 | F28: =IFERROR(INDEX(tbl_pontos[Categoria],MATCH(E28,tbl_pontos[ID_Ponto],0)),"") -> 1. Gestão de Produtos Químicos | G28: Conforme | L28: Chefe de Turno | M28: =IF(G28="Não conforme",1,0) -> 0
A29: RND-26-04 | B29: 46048 | C29: =YEAR(B29)*100+MONTH(B29) -> 202601 | D29: 1 | E29: RON-02 | F29: =IFERROR(INDEX(tbl_pontos[Categoria],MATCH(E29,tbl_pontos[ID_Ponto],0)),"") -> 1. Gestão de Produtos Químicos | G29: Conforme | L29: Chefe de Turno | M29: =IF(G29="Não conforme",1,0) -> 0
A30: RND-26-04 | B30: 46048 | C30: =YEAR(B30)*100+MONTH(B30) -> 202601 | D30: 2 | E30: RON-03 | F30: =IFERROR(INDEX(tbl_pontos[Categoria],MATCH(E30,tbl_pontos[ID_Ponto],0)),"") -> 2. Eficiência e Manutenção | G30: Não conforme | H30: Fuga audível sem etiqueta. | I30: Pedido de reposição / ordem de trabalho | K30: RND-26-04-RON-03.jpg | L30: Chefe de Turno | M30: =IF(G30="Não conforme",1,0) -> 1
A31: RND-26-04 | B31: 46048 | C31: =YEAR(B31)*100+MONTH(B31) -> 202601 | D31: 3 | E31: RON-04 | F31: =IFERROR(INDEX(tbl_pontos[Categoria],MATCH(E31,tbl_pontos[ID_Ponto],0)),"") -> 2. Eficiência e Manutenção | G31: Conforme | L31: Chefe de Turno | M31: =IF(G31="Não conforme",1,0) -> 0
A32: RND-26-04 | B32: 46048 | C32: =YEAR(B32)*100+MONTH(B32) -> 202601 | D32: 3 | E32: RON-07 | F32: =IFERROR(INDEX(tbl_pontos[Categoria],MATCH(E32,tbl_pontos[ID_Ponto],0)),"") -> 4. Gestão de Resíduos | G32: Não conforme | H32: Contentor sem etiqueta LER / mistura. | I32: Pedido de reposição / ordem de trabalho | K32: RND-26-04-RON-07.jpg | L32: Chefe de Turno | M32: =IF(G32="Não conforme",1,0) -> 1
A33: RND-26-04 | B33: 46048 | C33: =YEAR(B33)*100+MONTH(B33) -> 202601 | D33: 2 | E33: RON-08 | F33: =IFERROR(INDEX(tbl_pontos[Categoria],MATCH(E33,tbl_pontos[ID_Ponto],0)),"") -> 4. Gestão de Resíduos | G33: Conforme | L33: Chefe de Turno | M33: =IF(G33="Não conforme",1,0) -> 0
A34: RND-26-04 | B34: 46048 | C34: =YEAR(B34)*100+MONTH(B34) -> 202601 | D34: 1 | E34: RON-09 | F34: =IFERROR(INDEX(tbl_pontos[Categoria],MATCH(E34,tbl_pontos[ID_Ponto],0)),"") -> 5. Perdas de granulado e energia (extra) | G34: Conforme | L34: Chefe de Turno | M34: =IF(G34="Não conforme",1,0) -> 0
A35: RND-26-04 | B35: 46048 | C35: =YEAR(B35)*100+MONTH(B35) -> 202601 | D35: 1 | E35: RON-10 | F35: =IFERROR(INDEX(tbl_pontos[Categoria],MATCH(E35,tbl_pontos[ID_Ponto],0)),"") -> 5. Perdas de granulado e energia (extra) | G35: Conforme | L35: Chefe de Turno | M35: =IF(G35="Não conforme",1,0) -> 0
A36: RND-26-05 | B36: 46055 | C36: =YEAR(B36)*100+MONTH(B36) -> 202602 | D36: 2 | E36: RON-01 | F36: =IFERROR(INDEX(tbl_pontos[Categoria],MATCH(E36,tbl_pontos[ID_Ponto],0)),"") -> 1. Gestão de Produtos Químicos | G36: Conforme | L36: Gestor do SGA / EHS (Responsável Ambiental) | M36: =IF(G36="Não conforme",1,0) -> 0
A37: RND-26-05 | B37: 46055 | C37: =YEAR(B37)*100+MONTH(B37) -> 202602 | D37: 1 | E37: RON-02 | F37: =IFERROR(INDEX(tbl_pontos[Categoria],MATCH(E37,tbl_pontos[ID_Ponto],0)),"") -> 1. Gestão de Produtos Químicos | G37: Não conforme | H37: Recipiente fora de bacia. | I37: Pedido de reposição / ordem de trabalho | K37: RND-26-05-RON-02.jpg | L37: Gestor do SGA / EHS (Responsável Ambiental) | M37: =IF(G37="Não conforme",1,0) -> 1
A38: RND-26-05 | B38: 46055 | C38: =YEAR(B38)*100+MONTH(B38) -> 202602 | D38: 1 | E38: RON-03 | F38: =IFERROR(INDEX(tbl_pontos[Categoria],MATCH(E38,tbl_pontos[ID_Ponto],0)),"") -> 2. Eficiência e Manutenção | G38: Não conforme | H38: Fuga audível sem etiqueta. | I38: Pedido de reposição / ordem de trabalho | K38: RND-26-05-RON-03.jpg | L38: Gestor do SGA / EHS (Responsável Ambiental) | M38: =IF(G38="Não conforme",1,0) -> 1
A39: RND-26-05 | B39: 46055 | C39: =YEAR(B39)*100+MONTH(B39) -> 202602 | D39: 1 | E39: RON-04 | F39: =IFERROR(INDEX(tbl_pontos[Categoria],MATCH(E39,tbl_pontos[ID_Ponto],0)),"") -> 2. Eficiência e Manutenção | G39: Conforme | L39: Gestor do SGA / EHS (Responsável Ambiental) | M39: =IF(G39="Não conforme",1,0) -> 0
A40: RND-26-05 | B40: 46055 | C40: =YEAR(B40)*100+MONTH(B40) -> 202602 | D40: 1 | E40: RON-05 | F40: =IFERROR(INDEX(tbl_pontos[Categoria],MATCH(E40,tbl_pontos[ID_Ponto],0)),"") -> 3. Emergência | G40: Conforme | L40: Gestor do SGA / EHS (Responsável Ambiental) | M40: =IF(G40="Não conforme",1,0) -> 0
A41: RND-26-05 | B41: 46055 | C41: =YEAR(B41)*100+MONTH(B41) -> 202602 | D41: 2 | E41: RON-06 | F41: =IFERROR(INDEX(tbl_pontos[Categoria],MATCH(E41,tbl_pontos[ID_Ponto],0)),"") -> 3. Emergência | G41: Conforme | L41: Gestor do SGA / EHS (Responsável Ambiental) | M41: =IF(G41="Não conforme",1,0) -> 0
A42: RND-26-05 | B42: 46055 | C42: =YEAR(B42)*100+MONTH(B42) -> 202602 | D42: 2 | E42: RON-07 | F42: =IFERROR(INDEX(tbl_pontos[Categoria],MATCH(E42,tbl_pontos[ID_Ponto],0)),"") -> 4. Gestão de Resíduos | G42: Não conforme | H42: Contentor sem etiqueta LER / mistura. | I42: Pedido de reposição / ordem de trabalho | K42: RND-26-05-RON-07.jpg | L42: Gestor do SGA / EHS (Responsável Ambiental) | M42: =IF(G42="Não conforme",1,0) -> 1
A43: RND-26-05 | B43: 46055 | C43: =YEAR(B43)*100+MONTH(B43) -> 202602 | D43: 1 | E43: RON-08 | F43: =IFERROR(INDEX(tbl_pontos[Categoria],MATCH(E43,tbl_pontos[ID_Ponto],0)),"") -> 4. Gestão de Resíduos | G43: Conforme | L43: Gestor do SGA / EHS (Responsável Ambiental) | M43: =IF(G43="Não conforme",1,0) -> 0
A44: RND-26-05 | B44: 46055 | C44: =YEAR(B44)*100+MONTH(B44) -> 202602 | D44: 1 | E44: RON-09 | F44: =IFERROR(INDEX(tbl_pontos[Categoria],MATCH(E44,tbl_pontos[ID_Ponto],0)),"") -> 5. Perdas de granulado e energia (extra) | G44: Conforme | L44: Gestor do SGA / EHS (Responsável Ambiental) | M44: =IF(G44="Não conforme",1,0) -> 0
A45: RND-26-05 | B45: 46055 | C45: =YEAR(B45)*100+MONTH(B45) -> 202602 | D45: 2 | E45: RON-10 | F45: =IFERROR(INDEX(tbl_pontos[Categoria],MATCH(E45,tbl_pontos[ID_Ponto],0)),"") -> 5. Perdas de granulado e energia (extra) | G45: Conforme | L45: Gestor do SGA / EHS (Responsável Ambiental) | M45: =IF(G45="Não conforme",1,0) -> 0
A46: RND-26-06 | B46: 46062 | C46: =YEAR(B46)*100+MONTH(B46) -> 202602 | D46: 1 | E46: RON-01 | F46: =IFERROR(INDEX(tbl_pontos[Categoria],MATCH(E46,tbl_pontos[ID_Ponto],0)),"") -> 1. Gestão de Produtos Químicos | G46: Conforme | L46: Chefe de Turno | M46: =IF(G46="Não conforme",1,0) -> 0
A47: RND-26-06 | B47: 46062 | C47: =YEAR(B47)*100+MONTH(B47) -> 202602 | D47: 1 | E47: RON-02 | F47: =IFERROR(INDEX(tbl_pontos[Categoria],MATCH(E47,tbl_pontos[ID_Ponto],0)),"") -> 1. Gestão de Produtos Químicos | G47: Conforme | L47: Chefe de Turno | M47: =IF(G47="Não conforme",1,0) -> 0
A48: RND-26-06 | B48: 46062 | C48: =YEAR(B48)*100+MONTH(B48) -> 202602 | D48: 1 | E48: RON-03 | F48: =IFERROR(INDEX(tbl_pontos[Categoria],MATCH(E48,tbl_pontos[ID_Ponto],0)),"") -> 2. Eficiência e Manutenção | G48: Conforme | L48: Chefe de Turno | M48: =IF(G48="Não conforme",1,0) -> 0
A49: RND-26-06 | B49: 46062 | C49: =YEAR(B49)*100+MONTH(B49) -> 202602 | D49: 1 | E49: RON-04 | F49: =IFERROR(INDEX(tbl_pontos[Categoria],MATCH(E49,tbl_pontos[ID_Ponto],0)),"") -> 2. Eficiência e Manutenção | G49: Conforme | L49: Chefe de Turno | M49: =IF(G49="Não conforme",1,0) -> 0
A50: RND-26-06 | B50: 46062 | C50: =YEAR(B50)*100+MONTH(B50) -> 202602 | D50: 1 | E50: RON-07 | F50: =IFERROR(INDEX(tbl_pontos[Categoria],MATCH(E50,tbl_pontos[ID_Ponto],0)),"") -> 4. Gestão de Resíduos | G50: Conforme | L50: Chefe de Turno | M50: =IF(G50="Não conforme",1,0) -> 0
A51: RND-26-06 | B51: 46062 | C51: =YEAR(B51)*100+MONTH(B51) -> 202602 | D51: 1 | E51: RON-08 | F51: =IFERROR(INDEX(tbl_pontos[Categoria],MATCH(E51,tbl_pontos[ID_Ponto],0)),"") -> 4. Gestão de Resíduos | G51: Conforme | L51: Chefe de Turno | M51: =IF(G51="Não conforme",1,0) -> 0
A52: RND-26-06 | B52: 46062 | C52: =YEAR(B52)*100+MONTH(B52) -> 202602 | D52: 2 | E52: RON-09 | F52: =IFERROR(INDEX(tbl_pontos[Categoria],MATCH(E52,tbl_pontos[ID_Ponto],0)),"") -> 5. Perdas de granulado e energia (extra) | G52: Não conforme | H52: Grânulos no pavimento junto aos silos. | I52: Pedido de reposição / ordem de trabalho | K52: RND-26-06-RON-09.jpg | L52: Chefe de Turno | M52: =IF(G52="Não conforme",1,0) -> 1
A53: RND-26-06 | B53: 46062 | C53: =YEAR(B53)*100+MONTH(B53) -> 202602 | D53: 1 | E53: RON-10 | F53: =IFERROR(INDEX(tbl_pontos[Categoria],MATCH(E53,tbl_pontos[ID_Ponto],0)),"") -> 5. Perdas de granulado e energia (extra) | G53: Não conforme | H53: Máquina parada sem standby. | I53: Corrigido no momento | K53: RND-26-06-RON-10.jpg | L53: Chefe de Turno | M53: =IF(G53="Não conforme",1,0) -> 1
A54: RND-26-07 | B54: 46069 | C54: =YEAR(B54)*100+MONTH(B54) -> 202602 | D54: 2 | E54: RON-01 | F54: =IFERROR(INDEX(tbl_pontos[Categoria],MATCH(E54,tbl_pontos[ID_Ponto],0)),"") -> 1. Gestão de Produtos Químicos | G54: Conforme | L54: Gestor do SGA / EHS (Responsável Ambiental) | M54: =IF(G54="Não conforme",1,0) -> 0
A55: RND-26-07 | B55: 46069 | C55: =YEAR(B55)*100+MONTH(B55) -> 202602 | D55: 2 | E55: RON-02 | F55: =IFERROR(INDEX(tbl_pontos[Categoria],MATCH(E55,tbl_pontos[ID_Ponto],0)),"") -> 1. Gestão de Produtos Químicos | G55: Conforme | L55: Gestor do SGA / EHS (Responsável Ambiental) | M55: =IF(G55="Não conforme",1,0) -> 0
A56: RND-26-07 | B56: 46069 | C56: =YEAR(B56)*100+MONTH(B56) -> 202602 | D56: 1 | E56: RON-03 | F56: =IFERROR(INDEX(tbl_pontos[Categoria],MATCH(E56,tbl_pontos[ID_Ponto],0)),"") -> 2. Eficiência e Manutenção | G56: Conforme | L56: Gestor do SGA / EHS (Responsável Ambiental) | M56: =IF(G56="Não conforme",1,0) -> 0
A57: RND-26-07 | B57: 46069 | C57: =YEAR(B57)*100+MONTH(B57) -> 202602 | D57: 3 | E57: RON-04 | F57: =IFERROR(INDEX(tbl_pontos[Categoria],MATCH(E57,tbl_pontos[ID_Ponto],0)),"") -> 2. Eficiência e Manutenção | G57: Conforme | L57: Gestor do SGA / EHS (Responsável Ambiental) | M57: =IF(G57="Não conforme",1,0) -> 0
A58: RND-26-07 | B58: 46069 | C58: =YEAR(B58)*100+MONTH(B58) -> 202602 | D58: 1 | E58: RON-07 | F58: =IFERROR(INDEX(tbl_pontos[Categoria],MATCH(E58,tbl_pontos[ID_Ponto],0)),"") -> 4. Gestão de Resíduos | G58: Conforme | L58: Gestor do SGA / EHS (Responsável Ambiental) | M58: =IF(G58="Não conforme",1,0) -> 0
A59: RND-26-07 | B59: 46069 | C59: =YEAR(B59)*100+MONTH(B59) -> 202602 | D59: 2 | E59: RON-08 | F59: =IFERROR(INDEX(tbl_pontos[Categoria],MATCH(E59,tbl_pontos[ID_Ponto],0)),"") -> 4. Gestão de Resíduos | G59: Conforme | L59: Gestor do SGA / EHS (Responsável Ambiental) | M59: =IF(G59="Não conforme",1,0) -> 0
A60: RND-26-07 | B60: 46069 | C60: =YEAR(B60)*100+MONTH(B60) -> 202602 | D60: 1 | E60: RON-09 | F60: =IFERROR(INDEX(tbl_pontos[Categoria],MATCH(E60,tbl_pontos[ID_Ponto],0)),"") -> 5. Perdas de granulado e energia (extra) | G60: Conforme | L60: Gestor do SGA / EHS (Responsável Ambiental) | M60: =IF(G60="Não conforme",1,0) -> 0
A61: RND-26-07 | B61: 46069 | C61: =YEAR(B61)*100+MONTH(B61) -> 202602 | D61: 1 | E61: RON-10 | F61: =IFERROR(INDEX(tbl_pontos[Categoria],MATCH(E61,tbl_pontos[ID_Ponto],0)),"") -> 5. Perdas de granulado e energia (extra) | G61: Conforme | L61: Gestor do SGA / EHS (Responsável Ambiental) | M61: =IF(G61="Não conforme",1,0) -> 0
A62: RND-26-08 | B62: 46076 | C62: =YEAR(B62)*100+MONTH(B62) -> 202602 | D62: 1 | E62: RON-01 | F62: =IFERROR(INDEX(tbl_pontos[Categoria],MATCH(E62,tbl_pontos[ID_Ponto],0)),"") -> 1. Gestão de Produtos Químicos | G62: Conforme | L62: Chefe de Turno | M62: =IF(G62="Não conforme",1,0) -> 0
A63: RND-26-08 | B63: 46076 | C63: =YEAR(B63)*100+MONTH(B63) -> 202602 | D63: 1 | E63: RON-02 | F63: =IFERROR(INDEX(tbl_pontos[Categoria],MATCH(E63,tbl_pontos[ID_Ponto],0)),"") -> 1. Gestão de Produtos Químicos | G63: Conforme | L63: Chefe de Turno | M63: =IF(G63="Não conforme",1,0) -> 0
A64: RND-26-08 | B64: 46076 | C64: =YEAR(B64)*100+MONTH(B64) -> 202602 | D64: 2 | E64: RON-03 | F64: =IFERROR(INDEX(tbl_pontos[Categoria],MATCH(E64,tbl_pontos[ID_Ponto],0)),"") -> 2. Eficiência e Manutenção | G64: Conforme | L64: Chefe de Turno | M64: =IF(G64="Não conforme",1,0) -> 0
A65: RND-26-08 | B65: 46076 | C65: =YEAR(B65)*100+MONTH(B65) -> 202602 | D65: 3 | E65: RON-04 | F65: =IFERROR(INDEX(tbl_pontos[Categoria],MATCH(E65,tbl_pontos[ID_Ponto],0)),"") -> 2. Eficiência e Manutenção | G65: Conforme | L65: Chefe de Turno | M65: =IF(G65="Não conforme",1,0) -> 0
... A71: RND-26-09 | B71: 46083 | C71: =YEAR(B71)*100+MONTH(B71) -> 202603 | D71: 2 | E71: RON-02 | F71: =IFERROR(INDEX(tbl_pontos[Categoria],MATCH(E71,tbl_pontos[ID_Ponto],0)),"") -> 1. Gestão de Produtos Químicos | G71: Conforme | L71: Gestor do SGA / EHS (Responsável Ambiental) | M71: =IF(G71="Não conforme",1,0) -> 0
A72: RND-26-09 | B72: 46083 | C72: =YEAR(B72)*100+MONTH(B72) -> 202603 | D72: 1 | E72: RON-03 | F72: =IFERROR(INDEX(tbl_pontos[Categoria],MATCH(E72,tbl_pontos[ID_Ponto],0)),"") -> 2. Eficiência e Manutenção | G72: Não conforme | H72: Fuga audível sem etiqueta. | I72: Pedido de reposição / ordem de trabalho | K72: RND-26-09-RON-03.jpg | L72: Gestor do SGA / EHS (Responsável Ambiental) | M72: =IF(G72="Não conforme",1,0) -> 1
A73: RND-26-09 | B73: 46083 | C73: =YEAR(B73)*100+MONTH(B73) -> 202603 | D73: 2 | E73: RON-04 | F73: =IFERROR(INDEX(tbl_pontos[Categoria],MATCH(E73,tbl_pontos[ID_Ponto],0)),"") -> 2. Eficiência e Manutenção | G73: Conforme | L73: Gestor do SGA / EHS (Responsável Ambiental) | M73: =IF(G73="Não conforme",1,0) -> 0
A74: RND-26-09 | B74: 46083 | C74: =YEAR(B74)*100+MONTH(B74) -> 202603 | D74: 2 | E74: RON-05 | F74: =IFERROR(INDEX(tbl_pontos[Categoria],MATCH(E74,tbl_pontos[ID_Ponto],0)),"") -> 3. Emergência | G74: Conforme | L74: Gestor do SGA / EHS (Responsável Ambiental) | M74: =IF(G74="Não conforme",1,0) -> 0
A75: RND-26-09 | B75: 46083 | C75: =YEAR(B75)*100+MONTH(B75) -> 202603 | D75: 1 | E75: RON-06 | F75: =IFERROR(INDEX(tbl_pontos[Categoria],MATCH(E75,tbl_pontos[ID_Ponto],0)),"") -> 3. Emergência | G75: Conforme | L75: Gestor do SGA / EHS (Responsável Ambiental) | M75: =IF(G75="Não conforme",1,0) -> 0
A76: RND-26-09 | B76: 46083 | C76: =YEAR(B76)*100+MONTH(B76) -> 202603 | D76: 1 | E76: RON-07 | F76: =IFERROR(INDEX(tbl_pontos[Categoria],MATCH(E76,tbl_pontos[ID_Ponto],0)),"") -> 4. Gestão de Resíduos | G76: Conforme | L76: Gestor do SGA / EHS (Responsável Ambiental) | M76: =IF(G76="Não conforme",1,0) -> 0
A77: RND-26-09 | B77: 46083 | C77: =YEAR(B77)*100+MONTH(B77) -> 202603 | D77: 3 | E77: RON-08 | F77: =IFERROR(INDEX(tbl_pontos[Categoria],MATCH(E77,tbl_pontos[ID_Ponto],0)),"") -> 4. Gestão de Resíduos | G77: Conforme | L77: Gestor do SGA / EHS (Responsável Ambiental) | M77: =IF(G77="Não conforme",1,0) -> 0
A78: RND-26-09 | B78: 46083 | C78: =YEAR(B78)*100+MONTH(B78) -> 202603 | D78: 1 | E78: RON-09 | F78: =IFERROR(INDEX(tbl_pontos[Categoria],MATCH(E78,tbl_pontos[ID_Ponto],0)),"") -> 5. Perdas de granulado e energia (extra) | G78: Não conforme | H78: Grânulos no pavimento junto aos silos. | I78: Pedido de reposição / ordem de trabalho | K78: RND-26-09-RON-09.jpg | L78: Gestor do SGA / EHS (Responsável Ambiental) | M78: =IF(G78="Não conforme",1,0) -> 1
A79: RND-26-09 | B79: 46083 | C79: =YEAR(B79)*100+MONTH(B79) -> 202603 | D79: 2 | E79: RON-10 | F79: =IFERROR(INDEX(tbl_pontos[Categoria],MATCH(E79,tbl_pontos[ID_Ponto],0)),"") -> 5. Perdas de granulado e energia (extra) | G79: Conforme | L79: Gestor do SGA / EHS (Responsável Ambiental) | M79: =IF(G79="Não conforme",1,0) -> 0
A80: RND-26-10 | B80: 46090 | C80: =YEAR(B80)*100+MONTH(B80) -> 202603 | D80: 3 | E80: RON-01 | F80: =IFERROR(INDEX(tbl_pontos[Categoria],MATCH(E80,tbl_pontos[ID_Ponto],0)),"") -> 1. Gestão de Produtos Químicos | G80: Conforme | L80: Chefe de Turno | M80: =IF(G80="Não conforme",1,0) -> 0
A81: RND-26-10 | B81: 46090 | C81: =YEAR(B81)*100+MONTH(B81) -> 202603 | D81: 1 | E81: RON-02 | F81: =IFERROR(INDEX(tbl_pontos[Categoria],MATCH(E81,tbl_pontos[ID_Ponto],0)),"") -> 1. Gestão de Produtos Químicos | G81: Conforme | L81: Chefe de Turno | M81: =IF(G81="Não conforme",1,0) -> 0
A82: RND-26-10 | B82: 46090 | C82: =YEAR(B82)*100+MONTH(B82) -> 202603 | D82: 1 | E82: RON-03 | F82: =IFERROR(INDEX(tbl_pontos[Categoria],MATCH(E82,tbl_pontos[ID_Ponto],0)),"") -> 2. Eficiência e Manutenção | G82: Conforme | L82: Chefe de Turno | M82: =IF(G82="Não conforme",1,0) -> 0
A83: RND-26-10 | B83: 46090 | C83: =YEAR(B83)*100+MONTH(B83) -> 202603 | D83: 1 | E83: RON-04 | F83: =IFERROR(INDEX(tbl_pontos[Categoria],MATCH(E83,tbl_pontos[ID_Ponto],0)),"") -> 2. Eficiência e Manutenção | G83: Conforme | L83: Chefe de Turno | M83: =IF(G83="Não conforme",1,0) -> 0
A84: RND-26-10 | B84: 46090 | C84: =YEAR(B84)*100+MONTH(B84) -> 202603 | D84: 1 | E84: RON-07 | F84: =IFERROR(INDEX(tbl_pontos[Categoria],MATCH(E84,tbl_pontos[ID_Ponto],0)),"") -> 4. Gestão de Resíduos | G84: Conforme | L84: Chefe de Turno | M84: =IF(G84="Não conforme",1,0) -> 0
A85: RND-26-10 | B85: 46090 | C85: =YEAR(B85)*100+MONTH(B85) -> 202603 | D85: 1 | E85: RON-08 | F85: =IFERROR(INDEX(tbl_pontos[Categoria],MATCH(E85,tbl_pontos[ID_Ponto],0)),"") -> 4. Gestão de Resíduos | G85: Conforme | L85: Chefe de Turno | M85: =IF(G85="Não conforme",1,0) -> 0
A86: RND-26-10 | B86: 46090 | C86: =YEAR(B86)*100+MONTH(B86) -> 202603 | D86: 1 | E86: RON-09 | F86: =IFERROR(INDEX(tbl_pontos[Categoria],MATCH(E86,tbl_pontos[ID_Ponto],0)),"") -> 5. Perdas de granulado e energia (extra) | G86: Conforme | L86: Chefe de Turno | M86: =IF(G86="Não conforme",1,0) -> 0
A87: RND-26-10 | B87: 46090 | C87: =YEAR(B87)*100+MONTH(B87) -> 202603 | D87: 1 | E87: RON-10 | F87: =IFERROR(INDEX(tbl_pontos[Categoria],MATCH(E87,tbl_pontos[ID_Ponto],0)),"") -> 5. Perdas de granulado e energia (extra) | G87: Conforme | L87: Chefe de Turno | M87: =IF(G87="Não conforme",1,0) -> 0
A88: RND-26-11 | B88: 46097 | C88: =YEAR(B88)*100+MONTH(B88) -> 202603 | D88: 1 | E88: RON-01 | F88: =IFERROR(INDEX(tbl_pontos[Categoria],MATCH(E88,tbl_pontos[ID_Ponto],0)),"") -> 1. Gestão de Produtos Químicos | G88: Conforme | L88: Gestor do SGA / EHS (Responsável Ambiental) | M88: =IF(G88="Não conforme",1,0) -> 0
A89: RND-26-11 | B89: 46097 | C89: =YEAR(B89)*100+MONTH(B89) -> 202603 | D89: 1 | E89: RON-02 | F89: =IFERROR(INDEX(tbl_pontos[Categoria],MATCH(E89,tbl_pontos[ID_Ponto],0)),"") -> 1. Gestão de Produtos Químicos | G89: Não conforme | H89: Recipiente fora de bacia. | I89: Pedido de reposição / ordem de trabalho | K89: RND-26-11-RON-02.jpg | L89: Gestor do SGA / EHS (Responsável Ambiental) | M89: =IF(G89="Não conforme",1,0) -> 1
A90: RND-26-11 | B90: 46097 | C90: =YEAR(B90)*100+MONTH(B90) -> 202603 | D90: 1 | E90: RON-03 | F90: =IFERROR(INDEX(tbl_pontos[Categoria],MATCH(E90,tbl_pontos[ID_Ponto],0)),"") -> 2. Eficiência e Manutenção | G90: Conforme | L90: Gestor do SGA / EHS (Responsável Ambiental) | M90: =IF(G90="Não conforme",1,0) -> 0
A91: RND-26-11 | B91: 46097 | C91: =YEAR(B91)*100+MONTH(B91) -> 202603 | D91: 3 | E91: RON-04 | F91: =IFERROR(INDEX(tbl_pontos[Categoria],MATCH(E91,tbl_pontos[ID_Ponto],0)),"") -> 2. Eficiência e Manutenção | G91: Conforme | L91: Gestor do SGA / EHS (Responsável Ambiental) | M91: =IF(G91="Não conforme",1,0) -> 0
A92: RND-26-11 | B92: 46097 | C92: =YEAR(B92)*100+MONTH(B92) -> 202603 | D92: 1 | E92: RON-07 | F92: =IFERROR(INDEX(tbl_pontos[Categoria],MATCH(E92,tbl_pontos[ID_Ponto],0)),"") -> 4. Gestão de Resíduos | G92: Conforme | L92: Gestor do SGA / EHS (Responsável Ambiental) | M92: =IF(G92="Não conforme",1,0) -> 0
A93: RND-26-11 | B93: 46097 | C93: =YEAR(B93)*100+MONTH(B93) -> 202603 | D93: 1 | E93: RON-08 | F93: =IFERROR(INDEX(tbl_pontos[Categoria],MATCH(E93,tbl_pontos[ID_Ponto],0)),"") -> 4. Gestão de Resíduos | G93: Conforme | L93: Gestor do SGA / EHS (Responsável Ambiental) | M93: =IF(G93="Não conforme",1,0) -> 0
A94: RND-26-11 | B94: 46097 | C94: =YEAR(B94)*100+MONTH(B94) -> 202603 | D94: 2 | E94: RON-09 | F94: =IFERROR(INDEX(tbl_pontos[Categoria],MATCH(E94,tbl_pontos[ID_Ponto],0)),"") -> 5. Perdas de granulado e energia (extra) | G94: Não conforme | H94: Grânulos no pavimento junto aos silos. | I94: Pedido de reposição / ordem de trabalho | K94: RND-26-11-RON-09.jpg | L94: Gestor do SGA / EHS (Responsável Ambiental) | M94: =IF(G94="Não conforme",1,0) -> 1
A95: RND-26-11 | B95: 46097 | C95: =YEAR(B95)*100+MONTH(B95) -> 202603 | D95: 1 | E95: RON-10 | F95: =IFERROR(INDEX(tbl_pontos[Categoria],MATCH(E95,tbl_pontos[ID_Ponto],0)),"") -> 5. Perdas de granulado e energia (extra) | G95: Conforme | L95: Gestor do SGA / EHS (Responsável Ambiental) | M95: =IF(G95="Não conforme",1,0) -> 0
A96: RND-26-12 | B96: 46104 | C96: =YEAR(B96)*100+MONTH(B96) -> 202603 | D96: 2 | E96: RON-01 | F96: =IFERROR(INDEX(tbl_pontos[Categoria],MATCH(E96,tbl_pontos[ID_Ponto],0)),"") -> 1. Gestão de Produtos Químicos | G96: Conforme | L96: Chefe de Turno | M96: =IF(G96="Não conforme",1,0) -> 0
A97: RND-26-12 | B97: 46104 | C97: =YEAR(B97)*100+MONTH(B97) -> 202603 | D97: 1 | E97: RON-02 | F97: =IFERROR(INDEX(tbl_pontos[Categoria],MATCH(E97,tbl_pontos[ID_Ponto],0)),"") -> 1. Gestão de Produtos Químicos | G97: Não conforme | H97: Recipiente fora de bacia. | I97: Pedido de reposição / ordem de trabalho | K97: RND-26-12-RON-02.jpg | L97: Chefe de Turno | M97: =IF(G97="Não conforme",1,0) -> 1
A98: RND-26-12 | B98: 46104 | C98: =YEAR(B98)*100+MONTH(B98) -> 202603 | D98: 3 | E98: RON-03 | F98: =IFERROR(INDEX(tbl_pontos[Categoria],MATCH(E98,tbl_pontos[ID_Ponto],0)),"") -> 2. Eficiência e Manutenção | G98: Conforme | L98: Chefe de Turno | M98: =IF(G98="Não conforme",1,0) -> 0
A99: RND-26-12 | B99: 46104 | C99: =YEAR(B99)*100+MONTH(B99) -> 202603 | D99: 2 | E99: RON-04 | F99: =IFERROR(INDEX(tbl_pontos[Categoria],MATCH(E99,tbl_pontos[ID_Ponto],0)),"") -> 2. Eficiência e Manutenção | G99: Conforme | L99: Chefe de Turno | M99: =IF(G99="Não conforme",1,0) -> 0
A100: RND-26-12 | B100: 46104 | C100: =YEAR(B100)*100+MONTH(B100) -> 202603 | D100: 1 | E100: RON-07 | F100: =IFERROR(INDEX(tbl_pontos[Categoria],MATCH(E100,tbl_pontos[ID_Ponto],0)),"") -> 4. Gestão de Resíduos | G100: Conforme | L100: Chefe de Turno | M100: =IF(G100="Não conforme",1,0) -> 0
A101: RND-26-12 | B101: 46104 | C101: =YEAR(B101)*100+MONTH(B101) -> 202603 | D101: 2 | E101: RON-08 | F101: =IFERROR(INDEX(tbl_pontos[Categoria],MATCH(E101,tbl_pontos[ID_Ponto],0)),"") -> 4. Gestão de Resíduos | G101: Conforme | L101: Chefe de Turno | M101: =IF(G101="Não conforme",1,0) -> 0
A102: RND-26-12 | B102: 46104 | C102: =YEAR(B102)*100+MONTH(B102) -> 202603 | D102: 2 | E102: RON-09 | F102: =IFERROR(INDEX(tbl_pontos[Categoria],MATCH(E102,tbl_pontos[ID_Ponto],0)),"") -> 5. Perdas de granulado e energia (extra) | G102: Não conforme | H102: Grânulos no pavimento junto aos silos. | I102: Pedido de reposição / ordem de trabalho | K102: RND-26-12-RON-09.jpg | L102: Chefe de Turno | M102: =IF(G102="Não conforme",1,0) -> 1
A103: RND-26-12 | B103: 46104 | C103: =YEAR(B103)*100+MONTH(B103) -> 202603 | D103: 1 | E103: RON-10 | F103: =IFERROR(INDEX(tbl_pontos[Categoria],MATCH(E103,tbl_pontos[ID_Ponto],0)),"") -> 5. Perdas de granulado e energia (extra) | G103: Não conforme | H103: Máquina parada sem standby. | I103: Corrigido no momento | K103: RND-26-12-RON-10.jpg | L103: Chefe de Turno | M103: =IF(G103="Não conforme",1,0) -> 1
A104: RND-26-13 | B104: 46111 | C104: =YEAR(B104)*100+MONTH(B104) -> 202603 | D104: 1 | E104: RON-01 | F104: =IFERROR(INDEX(tbl_pontos[Categoria],MATCH(E104,tbl_pontos[ID_Ponto],0)),"") -> 1. Gestão de Produtos Químicos | G104: Conforme | L104: Gestor do SGA / EHS (Responsável Ambiental) | M104: =IF(G104="Não conforme",1,0) -> 0
A105: RND-26-13 | B105: 46111 | C105: =YEAR(B105)*100+MONTH(B105) -> 202603 | D105: 1 | E105: RON-02 | F105: =IFERROR(INDEX(tbl_pontos[Categoria],MATCH(E105,tbl_pontos[ID_Ponto],0)),"") -> 1. Gestão de Produtos Químicos | G105: Conforme | L105: Gestor do SGA / EHS (Responsável Ambiental) | M105: =IF(G105="Não conforme",1,0) -> 0
...

Sheet Indicadores_Mensais
A1: TAXA DE CONFORMIDADE DAS RONDAS POR MÊS E CATEGORIA (KPI-10)
A3: Categoria | B3: 2026-01 | C3: 2026-02 | D3: 2026-03 | E3: 2026-04 | F3: 2026-05 | G3: 2026-06 | H3: 2026-07 | I3: 2026-08 | J3: 2026-09 | K3: 2026-10 | L3: 2026-11 | M3: 2026-12 | N3: 2026
A4: 1. Gestão de Produtos Químicos | B4: =IFERROR(COUNTIFS(Execucao_Rondas!$G$2:$G$456,"Conforme",Execucao_Rondas!$F$2:$F$456,"1. Gestão de Produtos Químicos",Execucao_Rondas!$C$2:$C$456,202601)/COUNTIFS(Execucao_Rondas!$G$2:$G$456,"<>Não aplicável",Execucao_Rondas!$F$2:$F$456,"1. Gestão de Produtos Químicos",Execucao_Rondas!$C$2:$C$456,202601),"") -> 0.875 | C4: =IFERROR(COUNTIFS(Execucao_Rondas!$G$2:$G$456,"Conforme",Execucao_Rondas!$F$2:$F$456,"1. Gestão de Produtos Químicos",Execucao_Rondas!$C$2:$C$456,202602)/COUNTIFS(Execucao_Rondas!$G$2:$G$456,"<>Não aplicável",Execucao_Rondas!$F$2:$F$456,"1. Gestão de Produtos Químicos",Execucao_Rondas!$C$2:$C$456,202602),"") -> 0.875 | D4: =IFERROR(COUNTIFS(Execucao_Rondas!$G$2:$G$456,"Conforme",Execucao_Rondas!$F$2:$F$456,"1. Gestão de Produtos Químicos",Execucao_Rondas!$C$2:$C$456,202603)/COUNTIFS(Execucao_Rondas!$G$2:$G$456,"<>Não aplicável",Execucao_Rondas!$F$2:$F$456,"1. Gestão de Produtos Químicos",Execucao_Rondas!$C$2:$C$456,202603),"") -> 0.8 | E4: =IFERROR(COUNTIFS(Execucao_Rondas!$G$2:$G$456,"Conforme",Execucao_Rondas!$F$2:$F$456,"1. Gestão de Produtos Químicos",Execucao_Rondas!$C$2:$C$456,202604)/COUNTIFS(Execucao_Rondas!$G$2:$G$456,"<>Não aplicável",Execucao_Rondas!$F$2:$F$456,"1. Gestão de Produtos Químicos",Execucao_Rondas!$C$2:$C$456,202604),"") -> 0.875 | F4: =IFERROR(COUNTIFS(Execucao_Rondas!$G$2:$G$456,"Conforme",Execucao_Rondas!$F$2:$F$456,"1. Gestão de Produtos Químicos",Execucao_Rondas!$C$2:$C$456,202605)/COUNTIFS(Execucao_Rondas!$G$2:$G$456,"<>Não aplicável",Execucao_Rondas!$F$2:$F$456,"1. Gestão de Produtos Químicos",Execucao_Rondas!$C$2:$C$456,202605),"") -> 0.875 | G4: =IFERROR(COUNTIFS(Execucao_Rondas!$G$2:$G$456,"Conforme",Execucao_Rondas!$F$2:$F$456,"1. Gestão de Produtos Químicos",Execucao_Rondas!$C$2:$C$456,202606)/COUNTIFS(Execucao_Rondas!$G$2:$G$456,"<>Não aplicável",Execucao_Rondas!$F$2:$F$456,"1. Gestão de Produtos Químicos",Execucao_Rondas!$C$2:$C$456,202606),"") -> 0.6 | H4: =IFERROR(COUNTIFS(Execucao_Rondas!$G$2:$G$456,"Conforme",Execucao_Rondas!$F$2:$F$456,"1. Gestão de Produtos Químicos",Execucao_Rondas!$C$2:$C$456,202607)/COUNTIFS(Execucao_Rondas!$G$2:$G$456,"<>Não aplicável",Execucao_Rondas!$F$2:$F$456,"1. Gestão de Produtos Químicos",Execucao_Rondas!$C$2:$C$456,202607),"") -> 0.75 | I4: =IFERROR(COUNTIFS(Execucao_Rondas!$G$2:$G$456,"Conforme",Execucao_Rondas!$F$2:$F$456,"1. Gestão de Produtos Químicos",Execucao_Rondas!$C$2:$C$456,202608)/COUNTIFS(Execucao_Rondas!$G$2:$G$456,"<>Não aplicável",Execucao_Rondas!$F$2:$F$456,"1. Gestão de Produtos Químicos",Execucao_Rondas!$C$2:$C$456,202608),"") -> 0.7 | J4: =IFERROR(COUNTIFS(Execucao_Rondas!$G$2:$G$456,"Conforme",Execucao_Rondas!$F$2:$F$456,"1. Gestão de Produtos Químicos",Execucao_Rondas!$C$2:$C$456,202609)/COUNTIFS(Execucao_Rondas!$G$2:$G$456,"<>Não aplicável",Execucao_Rondas!$F$2:$F$456,"1. Gestão de Produtos Químicos",Execucao_Rondas!$C$2:$C$456,202609),"") -> 0.75 | K4: =IFERROR(COUNTIFS(Execucao_Rondas!$G$2:$G$456,"Conforme",Execucao_Rondas!$F$2:$F$456,"1. Gestão de Produtos Químicos",Execucao_Rondas!$C$2:$C$456,202610)/COUNTIFS(Execucao_Rondas!$G$2:$G$456,"<>Não aplicável",Execucao_Rondas!$F$2:$F$456,"1. Gestão de Produtos Químicos",Execucao_Rondas!$C$2:$C$456,202610),"") -> 0.91666667 | L4: =IFERROR(COUNTIFS(Execucao_Rondas!$G$2:$G$456,"Conforme",Execucao_Rondas!$F$2:$F$456,"1. Gestão de Produtos Químicos",Execucao_Rondas!$C$2:$C$456,202611)/COUNTIFS(Execucao_Rondas!$G$2:$G$456,"<>Não aplicável",Execucao_Rondas!$F$2:$F$456,"1. Gestão de Produtos Químicos",Execucao_Rondas!$C$2:$C$456,202611),"") -> 1 | M4: =IFERROR(COUNTIFS(Execucao_Rondas!$G$2:$G$456,"Conforme",Execucao_Rondas!$F$2:$F$456,"1. Gestão de Produtos Químicos",Execucao_Rondas!$C$2:$C$456,202612)/COUNTIFS(Execucao_Rondas!$G$2:$G$456,"<>Não aplicável",Execucao_Rondas!$F$2:$F$456,"1. Gestão de Produtos Químicos",Execucao_Rondas!$C$2:$C$456,202612),"") -> 0.83333333 | N4: =IFERROR(COUNTIFS(Execucao_Rondas!$G$2:$G$456,"Conforme",Execucao_Rondas!$F$2:$F$456,"1. Gestão de Produtos Químicos")/COUNTIFS(Execucao_Rondas!$G$2:$G$456,"<>Não aplicável",Execucao_Rondas!$F$2:$F$456,"1. Gestão de Produtos Químicos"),"") -> 0.82905983
A5: 2. Eficiência e Manutenção | B5: =IFERROR(COUNTIFS(Execucao_Rondas!$G$2:$G$456,"Conforme",Execucao_Rondas!$F$2:$F$456,"2. Eficiência e Manutenção",Execucao_Rondas!$C$2:$C$456,202601)/COUNTIFS(Execucao_Rondas!$G$2:$G$456,"<>Não aplicável",Execucao_Rondas!$F$2:$F$456,"2. Eficiência e Manutenção",Execucao_Rondas!$C$2:$C$456,202601),"") -> 0.875 | C5: =IFERROR(COUNTIFS(Execucao_Rondas!$G$2:$G$456,"Conforme",Execucao_Rondas!$F$2:$F$456,"2. Eficiência e Manutenção",Execucao_Rondas!$C$2:$C$456,202602)/COUNTIFS(Execucao_Rondas!$G$2:$G$456,"<>Não aplicável",Execucao_Rondas!$F$2:$F$456,"2. Eficiência e Manutenção",Execucao_Rondas!$C$2:$C$456,202602),"") -> 0.875 | D5: =IFERROR(COUNTIFS(Execucao_Rondas!$G$2:$G$456,"Conforme",Execucao_Rondas!$F$2:$F$456,"2. Eficiência e Manutenção",Execucao_Rondas!$C$2:$C$456,202603)/COUNTIFS(Execucao_Rondas!$G$2:$G$456,"<>Não aplicável",Execucao_Rondas!$F$2:$F$456,"2. Eficiência e Manutenção",Execucao_Rondas!$C$2:$C$456,202603),"") -> 0.9 | E5: =IFERROR(COUNTIFS(Execucao_Rondas!$G$2:$G$456,"Conforme",Execucao_Rondas!$F$2:$F$456,"2. Eficiência e Manutenção",Execucao_Rondas!$C$2:$C$456,202604)/COUNTIFS(Execucao_Rondas!$G$2:$G$456,"<>Não aplicável",Execucao_Rondas!$F$2:$F$456,"2. Eficiência e Manutenção",Execucao_Rondas!$C$2:$C$456,202604),"") -> 1 | F5: =IFERROR(COUNTIFS(Execucao_Rondas!$G$2:$G$456,"Conforme",Execucao_Rondas!$F$2:$F$456,"2. Eficiência e Manutenção",Execucao_Rondas!$C$2:$C$456,202605)/COUNTIFS(Execucao_Rondas!$G$2:$G$456,"<>Não aplicável",Execucao_Rondas!$F$2:$F$456,"2. Eficiência e Manutenção",Execucao_Rondas!$C$2:$C$456,202605),"") -> 0.875 | G5: =IFERROR(COUNTIFS(Execucao_Rondas!$G$2:$G$456,"Conforme",Execucao_Rondas!$F$2:$F$456,"2. Eficiência e Manutenção",Execucao_Rondas!$C$2:$C$456,202606)/COUNTIFS(Execucao_Rondas!$G$2:$G$456,"<>Não aplicável",Execucao_Rondas!$F$2:$F$456,"2. Eficiência e Manutenção",Execucao_Rondas!$C$2:$C$456,202606),"") -> 0.8 | H5: =IFERROR(COUNTIFS(Execucao_Rondas!$G$2:$G$456,"Conforme",Execucao_Rondas!$F$2:$F$456,"2. Eficiência e Manutenção",Execucao_Rondas!$C$2:$C$456,202607)/COUNTIFS(Execucao_Rondas!$G$2:$G$456,"<>Não aplicável",Execucao_Rondas!$F$2:$F$456,"2. Eficiência e Manutenção",Execucao_Rondas!$C$2:$C$456,202607),"") -> 1 | I5: =IFERROR(COUNTIFS(Execucao_Rondas!$G$2:$G$456,"Conforme",Execucao_Rondas!$F$2:$F$456,"2. Eficiência e Manutenção",Execucao_Rondas!$C$2:$C$456,202608)/COUNTIFS(Execucao_Rondas!$G$2:$G$456,"<>Não aplicável",Execucao_Rondas!$F$2:$F$456,"2. Eficiência e Manutenção",Execucao_Rondas!$C$2:$C$456,202608),"") -> 0.9 | J5: =IFERROR(COUNTIFS(Execucao_Rondas!$G$2:$G$456,"Conforme",Execucao_Rondas!$F$2:$F$456,"2. Eficiência e Manutenção",Execucao_Rondas!$C$2:$C$456,202609)/COUNTIFS(Execucao_Rondas!$G$2:$G$456,"<>Não aplicável",Execucao_Rondas!$F$2:$F$456,"2. Eficiência e Manutenção",Execucao_Rondas!$C$2:$C$456,202609),"") -> 1 | K5: =IFERROR(COUNTIFS(Execucao_Rondas!$G$2:$G$456,"Conforme",Execucao_Rondas!$F$2:$F$456,"2. Eficiência e Manutenção",Execucao_Rondas!$C$2:$C$456,202610)/COUNTIFS(Execucao_Rondas!$G$2:$G$456,"<>Não aplicável",Execucao_Rondas!$F$2:$F$456,"2. Eficiência e Manutenção",Execucao_Rondas!$C$2:$C$456,202610),"") -> 0.875 | L5: =IFERROR(COUNTIFS(Execucao_Rondas!$G$2:$G$456,"Conforme",Execucao_Rondas!$F$2:$F$456,"2. Eficiência e Manutenção",Execucao_Rondas!$C$2:$C$456,202611)/COUNTIFS(Execucao_Rondas!$G$2:$G$456,"<>Não aplicável",Execucao_Rondas!$F$2:$F$456,"2. Eficiência e Manutenção",Execucao_Rondas!$C$2:$C$456,202611),"") -> 1 | M5: =IFERROR(COUNTIFS(Execucao_Rondas!$G$2:$G$456,"Conforme",Execucao_Rondas!$F$2:$F$456,"2. Eficiência e Manutenção",Execucao_Rondas!$C$2:$C$456,202612)/COUNTIFS(Execucao_Rondas!$G$2:$G$456,"<>Não aplicável",Execucao_Rondas!$F$2:$F$456,"2. Eficiência e Manutenção",Execucao_Rondas!$C$2:$C$456,202612),"") -> 0.875 | N5: =IFERROR(COUNTIFS(Execucao_Rondas!$G$2:$G$456,"Conforme",Execucao_Rondas!$F$2:$F$456,"2. Eficiência e Manutenção")/COUNTIFS(Execucao_Rondas!$G$2:$G$456,"<>Não aplicável",Execucao_Rondas!$F$2:$F$456,"2. Eficiência e Manutenção"),"") -> 0.91346154
A6: 3. Emergência | B6: =IFERROR(COUNTIFS(Execucao_Rondas!$G$2:$G$456,"Conforme",Execucao_Rondas!$F$2:$F$456,"3. Emergência",Execucao_Rondas!$C$2:$C$456,202601)/COUNTIFS(Execucao_Rondas!$G$2:$G$456,"<>Não aplicável",Execucao_Rondas!$F$2:$F$456,"3. Emergência",Execucao_Rondas!$C$2:$C$456,202601),"") -> 1 | C6: =IFERROR(COUNTIFS(Execucao_Rondas!$G$2:$G$456,"Conforme",Execucao_Rondas!$F$2:$F$456,"3. Emergência",Execucao_Rondas!$C$2:$C$456,202602)/COUNTIFS(Execucao_Rondas!$G$2:$G$456,"<>Não aplicável",Execucao_Rondas!$F$2:$F$456,"3. Emergência",Execucao_Rondas!$C$2:$C$456,202602),"") -> 1 | D6: =IFERROR(COUNTIFS(Execucao_Rondas!$G$2:$G$456,"Conforme",Execucao_Rondas!$F$2:$F$456,"3. Emergência",Execucao_Rondas!$C$2:$C$456,202603)/COUNTIFS(Execucao_Rondas!$G$2:$G$456,"<>Não aplicável",Execucao_Rondas!$F$2:$F$456,"3. Emergência",Execucao_Rondas!$C$2:$C$456,202603),"") -> 1 | E6: =IFERROR(COUNTIFS(Execucao_Rondas!$G$2:$G$456,"Conforme",Execucao_Rondas!$F$2:$F$456,"3. Emergência",Execucao_Rondas!$C$2:$C$456,202604)/COUNTIFS(Execucao_Rondas!$G$2:$G$456,"<>Não aplicável",Execucao_Rondas!$F$2:$F$456,"3. Emergência",Execucao_Rondas!$C$2:$C$456,202604),"") -> 1 | F6: =IFERROR(COUNTIFS(Execucao_Rondas!$G$2:$G$456,"Conforme",Execucao_Rondas!$F$2:$F$456,"3. Emergência",Execucao_Rondas!$C$2:$C$456,202605)/COUNTIFS(Execucao_Rondas!$G$2:$G$456,"<>Não aplicável",Execucao_Rondas!$F$2:$F$456,"3. Emergência",Execucao_Rondas!$C$2:$C$456,202605),"") -> 1 | G6: =IFERROR(COUNTIFS(Execucao_Rondas!$G$2:$G$456,"Conforme",Execucao_Rondas!$F$2:$F$456,"3. Emergência",Execucao_Rondas!$C$2:$C$456,202606)/COUNTIFS(Execucao_Rondas!$G$2:$G$456,"<>Não aplicável",Execucao_Rondas!$F$2:$F$456,"3. Emergência",Execucao_Rondas!$C$2:$C$456,202606),"") -> 0.5 | H6: =IFERROR(COUNTIFS(Execucao_Rondas!$G$2:$G$456,"Conforme",Execucao_Rondas!$F$2:$F$456,"3. Emergência",Execucao_Rondas!$C$2:$C$456,202607)/COUNTIFS(Execucao_Rondas!$G$2:$G$456,"<>Não aplicável",Execucao_Rondas!$F$2:$F$456,"3. Emergência",Execucao_Rondas!$C$2:$C$456,202607),"") -> 1 | I6: =IFERROR(COUNTIFS(Execucao_Rondas!$G$2:$G$456,"Conforme",Execucao_Rondas!$F$2:$F$456,"3. Emergência",Execucao_Rondas!$C$2:$C$456,202608)/COUNTIFS(Execucao_Rondas!$G$2:$G$456,"<>Não aplicável",Execucao_Rondas!$F$2:$F$456,"3. Emergência",Execucao_Rondas!$C$2:$C$456,202608),"") -> 1 | J6: =IFERROR(COUNTIFS(Execucao_Rondas!$G$2:$G$456,"Conforme",Execucao_Rondas!$F$2:$F$456,"3. Emergência",Execucao_Rondas!$C$2:$C$456,202609)/COUNTIFS(Execucao_Rondas!$G$2:$G$456,"<>Não aplicável",Execucao_Rondas!$F$2:$F$456,"3. Emergência",Execucao_Rondas!$C$2:$C$456,202609),"") -> 0.75 | K6: =IFERROR(COUNTIFS(Execucao_Rondas!$G$2:$G$456,"Conforme",Execucao_Rondas!$F$2:$F$456,"3. Emergência",Execucao_Rondas!$C$2:$C$456,202610)/COUNTIFS(Execucao_Rondas!$G$2:$G$456,"<>Não aplicável",Execucao_Rondas!$F$2:$F$456,"3. Emergência",Execucao_Rondas!$C$2:$C$456,202610),"") -> 1 | L6: =IFERROR(COUNTIFS(Execucao_Rondas!$G$2:$G$456,"Conforme",Execucao_Rondas!$F$2:$F$456,"3. Emergência",Execucao_Rondas!$C$2:$C$456,202611)/COUNTIFS(Execucao_Rondas!$G$2:$G$456,"<>Não aplicável",Execucao_Rondas!$F$2:$F$456,"3. Emergência",Execucao_Rondas!$C$2:$C$456,202611),"") -> 1 | M6: =IFERROR(COUNTIFS(Execucao_Rondas!$G$2:$G$456,"Conforme",Execucao_Rondas!$F$2:$F$456,"3. Emergência",Execucao_Rondas!$C$2:$C$456,202612)/COUNTIFS(Execucao_Rondas!$G$2:$G$456,"<>Não aplicável",Execucao_Rondas!$F$2:$F$456,"3. Emergência",Execucao_Rondas!$C$2:$C$456,202612),"") -> 1 | N6: =IFERROR(COUNTIFS(Execucao_Rondas!$G$2:$G$456,"Conforme",Execucao_Rondas!$F$2:$F$456,"3. Emergência")/COUNTIFS(Execucao_Rondas!$G$2:$G$456,"<>Não aplicável",Execucao_Rondas!$F$2:$F$456,"3. Emergência"),"") -> 0.92307692
A7: 4. Gestão de Resíduos | B7: =IFERROR(COUNTIFS(Execucao_Rondas!$G$2:$G$456,"Conforme",Execucao_Rondas!$F$2:$F$456,"4. Gestão de Resíduos",Execucao_Rondas!$C$2:$C$456,202601)/COUNTIFS(Execucao_Rondas!$G$2:$G$456,"<>Não aplicável",Execucao_Rondas!$F$2:$F$456,"4. Gestão de Resíduos",Execucao_Rondas!$C$2:$C$456,202601),"") -> 0.875 | C7: =IFERROR(COUNTIFS(Execucao_Rondas!$G$2:$G$456,"Conforme",Execucao_Rondas!$F$2:$F$456,"4. Gestão de Resíduos",Execucao_Rondas!$C$2:$C$456,202602)/COUNTIFS(Execucao_Rondas!$G$2:$G$456,"<>Não aplicável",Execucao_Rondas!$F$2:$F$456,"4. Gestão de Resíduos",Execucao_Rondas!$C$2:$C$456,202602),"") -> 0.875 | D7: =IFERROR(COUNTIFS(Execucao_Rondas!$G$2:$G$456,"Conforme",Execucao_Rondas!$F$2:$F$456,"4. Gestão de Resíduos",Execucao_Rondas!$C$2:$C$456,202603)/COUNTIFS(Execucao_Rondas!$G$2:$G$456,"<>Não aplicável",Execucao_Rondas!$F$2:$F$456,"4. Gestão de Resíduos",Execucao_Rondas!$C$2:$C$456,202603),"") -> 1 | E7: =IFERROR(COUNTIFS(Execucao_Rondas!$G$2:$G$456,"Conforme",Execucao_Rondas!$F$2:$F$456,"4. Gestão de Resíduos",Execucao_Rondas!$C$2:$C$456,202604)/COUNTIFS(Execucao_Rondas!$G$2:$G$456,"<>Não aplicável",Execucao_Rondas!$F$2:$F$456,"4. Gestão de Resíduos",Execucao_Rondas!$C$2:$C$456,202604),"") -> 0.875 | F7: =IFERROR(COUNTIFS(Execucao_Rondas!$G$2:$G$456,"Conforme",Execucao_Rondas!$F$2:$F$456,"4. Gestão de Resíduos",Execucao_Rondas!$C$2:$C$456,202605)/COUNTIFS(Execucao_Rondas!$G$2:$G$456,"<>Não aplicável",Execucao_Rondas!$F$2:$F$456,"4. Gestão de Resíduos",Execucao_Rondas!$C$2:$C$456,202605),"") -> 1 | G7: =IFERROR(COUNTIFS(Execucao_Rondas!$G$2:$G$456,"Conforme",Execucao_Rondas!$F$2:$F$456,"4. Gestão de Resíduos",Execucao_Rondas!$C$2:$C$456,202606)/COUNTIFS(Execucao_Rondas!$G$2:$G$456,"<>Não aplicável",Execucao_Rondas!$F$2:$F$456,"4. Gestão de Resíduos",Execucao_Rondas!$C$2:$C$456,202606),"") -> 1 | H7: =IFERROR(COUNTIFS(Execucao_Rondas!$G$2:$G$456,"Conforme",Execucao_Rondas!$F$2:$F$456,"4. Gestão de Resíduos",Execucao_Rondas!$C$2:$C$456,202607)/COUNTIFS(Execucao_Rondas!$G$2:$G$456,"<>Não aplicável",Execucao_Rondas!$F$2:$F$456,"4. Gestão de Resíduos",Execucao_Rondas!$C$2:$C$456,202607),"") -> 1 | I7: =IFERROR(COUNTIFS(Execucao_Rondas!$G$2:$G$456,"Conforme",Execucao_Rondas!$F$2:$F$456,"4. Gestão de Resíduos",Execucao_Rondas!$C$2:$C$456,202608)/COUNTIFS(Execucao_Rondas!$G$2:$G$456,"<>Não aplicável",Execucao_Rondas!$F$2:$F$456,"4. Gestão de Resíduos",Execucao_Rondas!$C$2:$C$456,202608),"") -> 1 | J7: =IFERROR(COUNTIFS(Execucao_Rondas!$G$2:$G$456,"Conforme",Execucao_Rondas!$F$2:$F$456,"4. Gestão de Resíduos",Execucao_Rondas!$C$2:$C$456,202609)/COUNTIFS(Execucao_Rondas!$G$2:$G$456,"<>Não aplicável",Execucao_Rondas!$F$2:$F$456,"4. Gestão de Resíduos",Execucao_Rondas!$C$2:$C$456,202609),"") -> 1 | K7: =IFERROR(COUNTIFS(Execucao_Rondas!$G$2:$G$456,"Conforme",Execucao_Rondas!$F$2:$F$456,"4. Gestão de Resíduos",Execucao_Rondas!$C$2:$C$456,202610)/COUNTIFS(Execucao_Rondas!$G$2:$G$456,"<>Não aplicável",Execucao_Rondas!$F$2:$F$456,"4. Gestão de Resíduos",Execucao_Rondas!$C$2:$C$456,202610),"") -> 0.875 | L7: =IFERROR(COUNTIFS(Execucao_Rondas!$G$2:$G$456,"Conforme",Execucao_Rondas!$F$2:$F$456,"4. Gestão de Resíduos",Execucao_Rondas!$C$2:$C$456,202611)/COUNTIFS(Execucao_Rondas!$G$2:$G$456,"<>Não aplicável",Execucao_Rondas!$F$2:$F$456,"4. Gestão de Resíduos",Execucao_Rondas!$C$2:$C$456,202611),"") -> 0.9 | M7: =IFERROR(COUNTIFS(Execucao_Rondas!$G$2:$G$456,"Conforme",Execucao_Rondas!$F$2:$F$456,"4. Gestão de Resíduos",Execucao_Rondas!$C$2:$C$456,202612)/COUNTIFS(Execucao_Rondas!$G$2:$G$456,"<>Não aplicável",Execucao_Rondas!$F$2:$F$456,"4. Gestão de Resíduos",Execucao_Rondas!$C$2:$C$456,202612),"") -> 1 | N7: =IFERROR(COUNTIFS(Execucao_Rondas!$G$2:$G$456,"Conforme",Execucao_Rondas!$F$2:$F$456,"4. Gestão de Resíduos")/COUNTIFS(Execucao_Rondas!$G$2:$G$456,"<>Não aplicável",Execucao_Rondas!$F$2:$F$456,"4. Gestão de Resíduos"),"") -> 0.95192308
A8: 5. Perdas de granulado e energia (extra) | B8: =IFERROR(COUNTIFS(Execucao_Rondas!$G$2:$G$456,"Conforme",Execucao_Rondas!$F$2:$F$456,"5. Perdas de granulado e energia (extra)",Execucao_Rondas!$C$2:$C$456,202601)/COUNTIFS(Execucao_Rondas!$G$2:$G$456,"<>Não aplicável",Execucao_Rondas!$F$2:$F$456,"5. Perdas de granulado e energia (extra)",Execucao_Rondas!$C$2:$C$456,202601),"") -> 0.75 | C8: =IFERROR(COUNTIFS(Execucao_Rondas!$G$2:$G$456,"Conforme",Execucao_Rondas!$F$2:$F$456,"5. Perdas de granulado e energia (extra)",Execucao_Rondas!$C$2:$C$456,202602)/COUNTIFS(Execucao_Rondas!$G$2:$G$456,"<>Não aplicável",Execucao_Rondas!$F$2:$F$456,"5. Perdas de granulado e energia (extra)",Execucao_Rondas!$C$2:$C$456,202602),"") -> 0.75 | D8: =IFERROR(COUNTIFS(Execucao_Rondas!$G$2:$G$456,"Conforme",Execucao_Rondas!$F$2:$F$456,"5. Perdas de granulado e energia (extra)",Execucao_Rondas!$C$2:$C$456,202603)/COUNTIFS(Execucao_Rondas!$G$2:$G$456,"<>Não aplicável",Execucao_Rondas!$F$2:$F$456,"5. Perdas de granulado e energia (extra)",Execucao_Rondas!$C$2:$C$456,202603),"") -> 0.5 | E8: =IFERROR(COUNTIFS(Execucao_Rondas!$G$2:$G$456,"Conforme",Execucao_Rondas!$F$2:$F$456,"5. Perdas de granulado e energia (extra)",Execucao_Rondas!$C$2:$C$456,202604)/COUNTIFS(Execucao_Rondas!$G$2:$G$456,"<>Não aplicável",Execucao_Rondas!$F$2:$F$456,"5. Perdas de granulado e energia (extra)",Execucao_Rondas!$C$2:$C$456,202604),"") -> 0.625 | F8: =IFERROR(COUNTIFS(Execucao_Rondas!$G$2:$G$456,"Conforme",Execucao_Rondas!$F$2:$F$456,"5. Perdas de granulado e energia (extra)",Execucao_Rondas!$C$2:$C$456,202605)/COUNTIFS(Execucao_Rondas!$G$2:$G$456,"<>Não aplicável",Execucao_Rondas!$F$2:$F$456,"5. Perdas de granulado e energia (extra)",Execucao_Rondas!$C$2:$C$456,202605),"") -> 0.375 | G8: =IFERROR(COUNTIFS(Execucao_Rondas!$G$2:$G$456,"Conforme",Execucao_Rondas!$F$2:$F$456,"5. Perdas de granulado e energia (extra)",Execucao_Rondas!$C$2:$C$456,202606)/COUNTIFS(Execucao_Rondas!$G$2:$G$456,"<>Não aplicável",Execucao_Rondas!$F$2:$F$456,"5. Perdas de granulado e energia (extra)",Execucao_Rondas!$C$2:$C$456,202606),"") -> 0.6 | H8: =IFERROR(COUNTIFS(Execucao_Rondas!$G$2:$G$456,"Conforme",Execucao_Rondas!$F$2:$F$456,"5. Perdas de granulado e energia (extra)",Execucao_Rondas!$C$2:$C$456,202607)/COUNTIFS(Execucao_Rondas!$G$2:$G$456,"<>Não aplicável",Execucao_Rondas!$F$2:$F$456,"5. Perdas de granulado e energia (extra)",Execucao_Rondas!$C$2:$C$456,202607),"") -> 0.5 | I8: =IFERROR(COUNTIFS(Execucao_Rondas!$G$2:$G$456,"Conforme",Execucao_Rondas!$F$2:$F$456,"5. Perdas de granulado e energia (extra)",Execucao_Rondas!$C$2:$C$456,202608)/COUNTIFS(Execucao_Rondas!$G$2:$G$456,"<>Não aplicável",Execucao_Rondas!$F$2:$F$456,"5. Perdas de granulado e energia (extra)",Execucao_Rondas!$C$2:$C$456,202608),"") -> 0.8 | J8: =IFERROR(COUNTIFS(Execucao_Rondas!$G$2:$G$456,"Conforme",Execucao_Rondas!$F$2:$F$456,"5. Perdas de granulado e energia (extra)",Execucao_Rondas!$C$2:$C$456,202609)/COUNTIFS(Execucao_Rondas!$G$2:$G$456,"<>Não aplicável",Execucao_Rondas!$F$2:$F$456,"5. Perdas de granulado e energia (extra)",Execucao_Rondas!$C$2:$C$456,202609),"") -> 0.75 | K8: =IFERROR(COUNTIFS(Execucao_Rondas!$G$2:$G$456,"Conforme",Execucao_Rondas!$F$2:$F$456,"5. Perdas de granulado e energia (extra)",Execucao_Rondas!$C$2:$C$456,202610)/COUNTIFS(Execucao_Rondas!$G$2:$G$456,"<>Não aplicável",Execucao_Rondas!$F$2:$F$456,"5. Perdas de granulado e energia (extra)",Execucao_Rondas!$C$2:$C$456,202610),"") -> 1 | L8: =IFERROR(COUNTIFS(Execucao_Rondas!$G$2:$G$456,"Conforme",Execucao_Rondas!$F$2:$F$456,"5. Perdas de granulado e energia (extra)",Execucao_Rondas!$C$2:$C$456,202611)/COUNTIFS(Execucao_Rondas!$G$2:$G$456,"<>Não aplicável",Execucao_Rondas!$F$2:$F$456,"5. Perdas de granulado e energia (extra)",Execucao_Rondas!$C$2:$C$456,202611),"") -> 1 | M8: =IFERROR(COUNTIFS(Execucao_Rondas!$G$2:$G$456,"Conforme",Execucao_Rondas!$F$2:$F$456,"5. Perdas de granulado e energia (extra)",Execucao_Rondas!$C$2:$C$456,202612)/COUNTIFS(Execucao_Rondas!$G$2:$G$456,"<>Não aplicável",Execucao_Rondas!$F$2:$F$456,"5. Perdas de granulado e energia (extra)",Execucao_Rondas!$C$2:$C$456,202612),"") -> 1 | N8: =IFERROR(COUNTIFS(Execucao_Rondas!$G$2:$G$456,"Conforme",Execucao_Rondas!$F$2:$F$456,"5. Perdas de granulado e energia (extra)")/COUNTIFS(Execucao_Rondas!$G$2:$G$456,"<>Não aplicável",Execucao_Rondas!$F$2:$F$456,"5. Perdas de granulado e energia (extra)"),"") -> 0.72115385
A9: TOTAL | B9: =IFERROR(COUNTIFS(Execucao_Rondas!$G$2:$G$456,"Conforme",Execucao_Rondas!$C$2:$C$456,202601)/COUNTIFS(Execucao_Rondas!$G$2:$G$456,"<>Não aplicável",Execucao_Rondas!$C$2:$C$456,202601),"") -> 0.85294118 | C9: =IFERROR(COUNTIFS(Execucao_Rondas!$G$2:$G$456,"Conforme",Execucao_Rondas!$C$2:$C$456,202602)/COUNTIFS(Execucao_Rondas!$G$2:$G$456,"<>Não aplicável",Execucao_Rondas!$C$2:$C$456,202602),"") -> 0.85294118 | D9: =IFERROR(COUNTIFS(Execucao_Rondas!$G$2:$G$456,"Conforme",Execucao_Rondas!$C$2:$C$456,202603)/COUNTIFS(Execucao_Rondas!$G$2:$G$456,"<>Não aplicável",Execucao_Rondas!$C$2:$C$456,202603),"") -> 0.80952381 | E9: =IFERROR(COUNTIFS(Execucao_Rondas!$G$2:$G$456,"Conforme",Execucao_Rondas!$C$2:$C$456,202604)/COUNTIFS(Execucao_Rondas!$G$2:$G$456,"<>Não aplicável",Execucao_Rondas!$C$2:$C$456,202604),"") -> 0.85294118 | F9: =IFERROR(COUNTIFS(Execucao_Rondas!$G$2:$G$456,"Conforme",Execucao_Rondas!$C$2:$C$456,202605)/COUNTIFS(Execucao_Rondas!$G$2:$G$456,"<>Não aplicável",Execucao_Rondas!$C$2:$C$456,202605),"") -> 0.79411765 | G9: =IFERROR(COUNTIFS(Execucao_Rondas!$G$2:$G$456,"Conforme",Execucao_Rondas!$C$2:$C$456,202606)/COUNTIFS(Execucao_Rondas!$G$2:$G$456,"<>Não aplicável",Execucao_Rondas!$C$2:$C$456,202606),"") -> 0.73809524 | H9: =IFERROR(COUNTIFS(Execucao_Rondas!$G$2:$G$456,"Conforme",Execucao_Rondas!$C$2:$C$456,202607)/COUNTIFS(Execucao_Rondas!$G$2:$G$456,"<>Não aplicável",Execucao_Rondas!$C$2:$C$456,202607),"") -> 0.82352941 | I9: =IFERROR(COUNTIFS(Execucao_Rondas!$G$2:$G$456,"Conforme",Execucao_Rondas!$C$2:$C$456,202608)/COUNTIFS(Execucao_Rondas!$G$2:$G$456,"<>Não aplicável",Execucao_Rondas!$C$2:$C$456,202608),"") -> 0.85714286 | J9: =IFERROR(COUNTIFS(Execucao_Rondas!$G$2:$G$456,"Conforme",Execucao_Rondas!$C$2:$C$456,202609)/COUNTIFS(Execucao_Rondas!$G$2:$G$456,"<>Não aplicável",Execucao_Rondas!$C$2:$C$456,202609),"") -> 0.86111111 | K9: =IFERROR(COUNTIFS(Execucao_Rondas!$G$2:$G$456,"Conforme",Execucao_Rondas!$C$2:$C$456,202610)/COUNTIFS(Execucao_Rondas!$G$2:$G$456,"<>Não aplicável",Execucao_Rondas!$C$2:$C$456,202610),"") -> 0.92105263 | L9: =IFERROR(COUNTIFS(Execucao_Rondas!$G$2:$G$456,"Conforme",Execucao_Rondas!$C$2:$C$456,202611)/COUNTIFS(Execucao_Rondas!$G$2:$G$456,"<>Não aplicável",Execucao_Rondas!$C$2:$C$456,202611),"") -> 0.9787234 | M9: =IFERROR(COUNTIFS(Execucao_Rondas!$G$2:$G$456,"Conforme",Execucao_Rondas!$C$2:$C$456,202612)/COUNTIFS(Execucao_Rondas!$G$2:$G$456,"<>Não aplicável",Execucao_Rondas!$C$2:$C$456,202612),"") -> 0.92105263 | N9: =IFERROR(COUNTIFS(Execucao_Rondas!$G$2:$G$456,"Conforme")/COUNTIFS(Execucao_Rondas!$G$2:$G$456,"<>Não aplicável"),"") -> 0.85714286

Sheet Checklist_Ronda_Impressao
A1: PLASTICOM | B1: CHECKLIST DE SUPERVISÃO OPERACIONAL — RONDA AMBIENTAL | G1: Mod. RON-SGA
B2: Plasticom — Unidade 1 (Marinha Grande, Portugal) · NP EN ISO 14001:2026 | G2: Rev. 01 · 31/12/2026
A4: Data: ____/____/______ Turno: ____ Verificador: ______________________ Ronda n.º: RND-26-____
A5: Categoria | B5: Ponto de controlo (O que verificar?) | C5: Critério de aceitação (Quando está OK?) | D5: C | E5: NC | F5: NA | G5: Observação / evidência / ação
A6: =INDEX(Pontos_Controlo!$B$5:$B$15,1) -> 1. Gestão de Produtos Químicos | B6: =INDEX(Pontos_Controlo!$D$5:$D$15,1) -> Recipientes de tinta e solvente no posto de serigrafia. | C6: =INDEX(Pontos_Controlo!$E$5:$E$15,1) -> Todos os recipientes fechados quando não estão em uso imediato; rótulo CLP legível; solvente só em dispensador de segurança.
A7: =INDEX(Pontos_Controlo!$B$5:$B$15,2) -> 1. Gestão de Produtos Químicos | B7: =INDEX(Pontos_Controlo!$D$5:$D$15,2) -> Armazenagem de bidões e embalagens de químicos no armazém. | C7: =INDEX(Pontos_Controlo!$E$5:$E$15,2) -> 100% dos recipientes > 20 L sobre bacia de retenção (capacidade ≥ maior recipiente); incompatíveis separados; FDS acessíveis.
A8: =INDEX(Pontos_Controlo!$B$5:$B$15,3) -> 2. Eficiência e Manutenção | B8: =INDEX(Pontos_Controlo!$D$5:$D$15,3) -> Rede de ar comprimido (ligações rápidas, mangueiras, purgadores). | C8: =INDEX(Pontos_Controlo!$E$5:$E$15,3) -> Sem silvos (fugas audíveis); cada fuga detetada tem etiqueta e ordem de trabalho com prazo ≤ 15 dias.
A9: =INDEX(Pontos_Controlo!$B$5:$B$15,4) -> 2. Eficiência e Manutenção | B9: =INDEX(Pontos_Controlo!$D$5:$D$15,4) -> Máquinas de injeção/sopro: fugas de óleo e água e registos de manutenção. | C9: =INDEX(Pontos_Controlo!$E$5:$E$15,4) -> Piso seco sob as máquinas; tabuleiros de retenção sem óleo acumulado; plano de manutenção preventiva sem atrasos > 7 dias.
A10: =INDEX(Pontos_Controlo!$B$5:$B$15,5) -> 3. Emergência | B10: =INDEX(Pontos_Controlo!$D$5:$D$15,5) -> Válvula de corte da rede pluvial e sarjetas. | C10: =INDEX(Pontos_Controlo!$E$5:$E$15,5) -> Válvula acessível, sinalizada e operacional (manobra de teste); sarjetas sem obstrução; bacias de retenção secas, limpas e sem lixo.
A11: =INDEX(Pontos_Controlo!$B$5:$B$15,6) -> 3. Emergência | B11: =INDEX(Pontos_Controlo!$D$5:$D$15,6) -> Kits antipoluição (KIT-01 a KIT-05). | C11: =INDEX(Pontos_Controlo!$E$5:$E$15,6) -> Selo intacto com n.º registado; conteúdo completo (12 almofadas, 2 barreiras, luvas, óculos, sacos, instrução IT-SGA-01); acessível e sinalizado.
A12: =INDEX(Pontos_Controlo!$B$5:$B$15,7) -> 4. Gestão de Resíduos | B12: =INDEX(Pontos_Controlo!$D$5:$D$15,7) -> Segregação e identificação dos resíduos no parque e nas áreas. | C12: =INDEX(Pontos_Controlo!$E$5:$E$15,7) -> Cada contentor com etiqueta de código LER; sem mistura de fluxos; scrap limpo separado por cor/polímero.
A13: =INDEX(Pontos_Controlo!$B$5:$B$15,8) -> 4. Gestão de Resíduos | B13: =INDEX(Pontos_Controlo!$D$5:$D$15,8) -> Acondicionamento dos resíduos perigosos. | C13: =INDEX(Pontos_Controlo!$E$5:$E$15,8) -> Contentores fechados com tampa, identificados, em bacia e sob cobertura; zona limpa; e-GAR do último envio confirmada.
A14: =INDEX(Pontos_Controlo!$B$5:$B$15,9) -> 5. Perdas de granulado e energia (extra) | B14: =INDEX(Pontos_Controlo!$D$5:$D$15,9) -> Perdas de granulado nos silos, zona de descarga e sarjetas exteriores. | C14: =INDEX(Pontos_Controlo!$E$5:$E$15,9) -> Sem grânulos visíveis no pavimento exterior nem nos filtros das sarjetas; tabuleiros de descarga em uso.
A15: =INDEX(Pontos_Controlo!$B$5:$B$15,10) -> 1. Gestão de Produtos Químicos | B15: =INDEX(Pontos_Controlo!$D$5:$D$15,10) -> Armazenagem de químicos fora do armazém (torre TR-01, oficina, parque de gases, depósito de gasóleo, laboratório, sala de baterias). | C15: =INDEX(Pontos_Controlo!$E$5:$E$15,10) -> Recipientes em bacia com capacidade suficiente; incompatíveis separados (hipoclorito × ácidos; oxigénio × gases inflamáveis); kit acessível; FDS disponíveis; sem fugas.
A16: =INDEX(Pontos_Controlo!$B$5:$B$15,11) -> 5. Perdas de granulado e energia (extra) | B16: =INDEX(Pontos_Controlo!$D$5:$D$15,11) -> Máquinas e iluminação em paragens. | C16: =INDEX(Pontos_Controlo!$E$5:$E$15,11) -> Máquinas paradas > 30 min em standby; iluminação desligada em zonas sem atividade.
A18: Regra: qualquer 'NC' exige ação imediata registada e, se não for corrigível no momento, abertura de RNC (RG-SGA-07).

Sheet Manutencao_Ambiental
A1: MANUTENÇÃO DE EQUIPAMENTOS COM RELEVÂNCIA AMBIENTAL (7.1 · 8.1 · F-gas)
A2: Controlo de fugas do CH-01 semestral (Reg. (UE) 2024/573) · Torre TR-01: limpeza/desinfeção semestral e Legionella trimestral (Lei 52/2018)
A4: ID_OT | B4: Data | C4: ID_Equipamento | D4: Equipamento | E4: Tipo_Intervencao | F4: Descricao | G4: Executante | H4: Empresa_Tecnico | I4: Resultado | J4: Fuga_Detetada | K4: Fluido_Recarregado_kg | L4: Horas | M4: Custo_EUR | N4: ID_Legal | O4: ID_Incidente | P4: tCO2e_Fuga | Q4: Proxima_Intervencao
A5: OT-2025-03 | B5: 45797 | C5: CH-01 | D5: Chiller CH-01 (30 kg R410A) | E5: Controlo de fugas F-gas | F5: Controlo semestral de fugas (≥ 50 tCO2e). | G5: Empresa externa | H5: FrioTec — técnico certificado F-gas (cat. I) | I5: Conforme | J5: Não | K5: 0 | L5: 2 | M5: 180 | N5: LEG-07 | P5: =IF(K5="","",ROUND(K5*2088/1000,2)) -> 0 | Q5: =IF(B5="","",IF(E5="Controlo de fugas F-gas",EDATE(B5,6),IF(E5="Limpeza e desinfeção",EDATE(B5,6),IF(E5="Preventiva",EDATE(B5,3),IF(E5="Inspeção",EDATE(B5,12),""))))) -> 45981
A6: OT-2025-04 | B6: 45818 | C6: TR-01 | D6: Torre de arrefecimento TR-01 | E6: Limpeza e desinfeção | F6: Limpeza e desinfeção semestral; análise de Legionella. | G6: Empresa externa | H6: AquaHigiene Lda. | I6: Conforme | J6: Não | K6: 0 | L6: 6 | M6: 950 | N6: LEG-15 | P6: =IF(K6="","",ROUND(K6*2088/1000,2)) -> 0 | Q6: =IF(B6="","",IF(E6="Controlo de fugas F-gas",EDATE(B6,6),IF(E6="Limpeza e desinfeção",EDATE(B6,6),IF(E6="Preventiva",EDATE(B6,3),IF(E6="Inspeção",EDATE(B6,12),""))))) -> 46001
A7: OT-2025-05 | B7: 45826 | C7: CMP-01 | D7: Compressor CMP-01 | E7: Preventiva | F7: Manutenção 4.000 h do compressor antigo. | G7: Empresa externa | H7: Atlas Service PT | I7: Conforme | J7: Não | K7: 0 | L7: 4 | M7: 1200 | P7: =IF(K7="","",ROUND(K7*2088/1000,2)) -> 0 | Q7: =IF(B7="","",IF(E7="Controlo de fugas F-gas",EDATE(B7,6),IF(E7="Limpeza e desinfeção",EDATE(B7,6),IF(E7="Preventiva",EDATE(B7,3),IF(E7="Inspeção",EDATE(B7,12),""))))) -> 45918
A8: OT-2025-07 | B8: 45840 | C8: EX-FP1 | D8: Exaustão / chaminé FP1 da serigrafia | E8: Preventiva | F8: Substituição de filtros da exaustão da serigrafia. | G8: Interno | I8: Conforme | J8: Não | K8: 0 | L8: 3 | M8: 320 | N8: LEG-12 | P8: =IF(K8="","",ROUND(K8*2088/1000,2)) -> 0 | Q8: =IF(B8="","",IF(E8="Controlo de fugas F-gas",EDATE(B8,6),IF(E8="Limpeza e desinfeção",EDATE(B8,6),IF(E8="Preventiva",EDATE(B8,3),IF(E8="Inspeção",EDATE(B8,12),""))))) -> 45932
A9: OT-2025-09 | B9: 45860 | C9: REDE-AR | D9: Rede de ar comprimido | E9: Inspeção | F9: Deteção de fugas por ultrassons (12 fugas etiquetadas). | G9: Interno | I9: Não conforme | J9: Sim | K9: 0 | L9: 6 | M9: 0 | N9: LEG-08 | P9: =IF(K9="","",ROUND(K9*2088/1000,2)) -> 0 | Q9: =IF(B9="","",IF(E9="Controlo de fugas F-gas",EDATE(B9,6),IF(E9="Limpeza e desinfeção",EDATE(B9,6),IF(E9="Preventiva",EDATE(B9,3),IF(E9="Inspeção",EDATE(B9,12),""))))) -> 46225
A10: OT-2025-11 | B10: 45868 | C10: REDE-AR | D10: Rede de ar comprimido | E10: Corretiva | F10: Reparação de 10 das 12 fugas de ar comprimido. | G10: Interno | I10: Corrigido | J10: Não | K10: 0 | L10: 8 | M10: 260 | N10: LEG-08 | P10: =IF(K10="","",ROUND(K10*2088/1000,2)) -> 0 | Q10: =IF(B10="","",IF(E10="Controlo de fugas F-gas",EDATE(B10,6),IF(E10="Limpeza e desinfeção",EDATE(B10,6),IF(E10="Preventiva",EDATE(B10,3),IF(E10="Inspeção",EDATE(B10,12),"")))))
A11: OT-2025-14 | B11: 45881 | C11: DB-01 | D11: Bomba doseadora de biocida DB-01 | E11: Corretiva | F11: Substituição da bomba doseadora avariada (sobredosagem). | G11: Interno | I11: Corrigido | J11: Não | K11: 0 | L11: 3 | M11: 640 | N11: LEG-03 | O11: INC-2025-06 | P11: =IF(K11="","",ROUND(K11*2088/1000,2)) -> 0 | Q11: =IF(B11="","",IF(E11="Controlo de fugas F-gas",EDATE(B11,6),IF(E11="Limpeza e desinfeção",EDATE(B11,6),IF(E11="Preventiva",EDATE(B11,3),IF(E11="Inspeção",EDATE(B11,12),"")))))
A12: OT-2025-15 | B12: 45908 | C12: BR-01 | D12: Bacia de retenção de águas de combate | E12: Inspeção | F12: Inspeção da bacia de retenção (estanquidade e limpeza). | G12: Interno | I12: Conforme | J12: Não | K12: 0 | L12: 2 | M12: 0 | N12: LEG-11 | P12: =IF(K12="","",ROUND(K12*2088/1000,2)) -> 0 | Q12: =IF(B12="","",IF(E12="Controlo de fugas F-gas",EDATE(B12,6),IF(E12="Limpeza e desinfeção",EDATE(B12,6),IF(E12="Preventiva",EDATE(B12,3),IF(E12="Inspeção",EDATE(B12,12),""))))) -> 46273
A13: OT-2025-16 | B13: 45908 | C13: VC-01 | D13: Válvula de corte da rede pluvial | E13: Inspeção | F13: Teste de manobra da válvula de corte pluvial. | G13: Interno | I13: Conforme | J13: Não | K13: 0 | L13: 1 | M13: 0 | N13: LEG-11 | P13: =IF(K13="","",ROUND(K13*2088/1000,2)) -> 0 | Q13: =IF(B13="","",IF(E13="Controlo de fugas F-gas",EDATE(B13,6),IF(E13="Limpeza e desinfeção",EDATE(B13,6),IF(E13="Preventiva",EDATE(B13,3),IF(E13="Inspeção",EDATE(B13,12),""))))) -> 46273
A14: OT-2025-17 | B14: 45944 | C14: EX-FP1 | D14: Exaustão / chaminé FP1 da serigrafia | E14: Preventiva | F14: Substituição de filtros da exaustão da serigrafia. | G14: Interno | I14: Conforme | J14: Não | K14: 0 | L14: 3 | M14: 320 | N14: LEG-12 | P14: =IF(K14="","",ROUND(K14*2088/1000,2)) -> 0 | Q14: =IF(B14="","",IF(E14="Controlo de fugas F-gas",EDATE(B14,6),IF(E14="Limpeza e desinfeção",EDATE(B14,6),IF(E14="Preventiva",EDATE(B14,3),IF(E14="Inspeção",EDATE(B14,12),""))))) -> 46036
A15: OT-2025-19 | B15: 45979 | C15: CH-01 | D15: Chiller CH-01 (30 kg R410A) | E15: Controlo de fugas F-gas | F15: Controlo semestral: fuga detetada; reparação da brasagem e recarga. | G15: Empresa externa | H15: FrioTec — técnico certificado F-gas (cat. I) | I15: Corrigido | J15: Sim | K15: 3.2 | L15: 6 | M15: 1450 | N15: LEG-07 | O15: INC-2025-07 | P15: =IF(K15="","",ROUND(K15*2088/1000,2)) -> 6.68 | Q15: =IF(B15="","",IF(E15="Controlo de fugas F-gas",EDATE(B15,6),IF(E15="Limpeza e desinfeção",EDATE(B15,6),IF(E15="Preventiva",EDATE(B15,3),IF(E15="Inspeção",EDATE(B15,12),""))))) -> 46160
A16: OT-2025-20 | B16: 46007 | C16: CH-01 | D16: Chiller CH-01 (30 kg R410A) | E16: Controlo de fugas F-gas | F16: Verificação pós-reparação (≤ 1 mês após a reparação). | G16: Empresa externa | H16: FrioTec — técnico certificado F-gas (cat. I) | I16: Conforme | J16: Não | K16: 0 | L16: 1 | M16: 120 | N16: LEG-07 | O16: INC-2025-07 | P16: =IF(K16="","",ROUND(K16*2088/1000,2)) -> 0 | Q16: =IF(B16="","",IF(E16="Controlo de fugas F-gas",EDATE(B16,6),IF(E16="Limpeza e desinfeção",EDATE(B16,6),IF(E16="Preventiva",EDATE(B16,3),IF(E16="Inspeção",EDATE(B16,12),""))))) -> 46189
A17: OT-2025-21 | B17: 46001 | C17: TR-01 | D17: Torre de arrefecimento TR-01 | E17: Limpeza e desinfeção | F17: Limpeza e desinfeção semestral; análise de Legionella. | G17: Empresa externa | H17: AquaHigiene Lda. | I17: Conforme | J17: Não | K17: 0 | L17: 6 | M17: 950 | N17: LEG-15 | P17: =IF(K17="","",ROUND(K17*2088/1000,2)) -> 0 | Q17: =IF(B17="","",IF(E17="Controlo de fugas F-gas",EDATE(B17,6),IF(E17="Limpeza e desinfeção",EDATE(B17,6),IF(E17="Preventiva",EDATE(B17,3),IF(E17="Inspeção",EDATE(B17,12),""))))) -> 46183
A18: OT-2026-01 | B18: 46048 | C18: EX-FP1 | D18: Exaustão / chaminé FP1 da serigrafia | E18: Preventiva | F18: Substituição de filtros da exaustão da serigrafia. | G18: Interno | I18: Conforme | J18: Não | K18: 0 | L18: 3 | M18: 320 | N18: LEG-12 | P18: =IF(K18="","",ROUND(K18*2088/1000,2)) -> 0 | Q18: =IF(B18="","",IF(E18="Controlo de fugas F-gas",EDATE(B18,6),IF(E18="Limpeza e desinfeção",EDATE(B18,6),IF(E18="Preventiva",EDATE(B18,3),IF(E18="Inspeção",EDATE(B18,12),""))))) -> 46138
A19: OT-2026-02 | B19: 46055 | C19: CMP-01 | D19: Compressor CMP-01 | E19: Instalação | F19: Substituição dos compressores CMP-01/02 por unidades de velocidade variável (ALT-2026-01). | G19: Empresa externa | H19: Atlas Service PT | I19: Conforme | J19: Não | K19: 0 | L19: 24 | M19: 78000 | N19: LEG-02; LEG-05 | P19: =IF(K19="","",ROUND(K19*2088/1000,2)) -> 0 | Q19: =IF(B19="","",IF(E19="Controlo de fugas F-gas",EDATE(B19,6),IF(E19="Limpeza e desinfeção",EDATE(B19,6),IF(E19="Preventiva",EDATE(B19,3),IF(E19="Inspeção",EDATE(B19,12),"")))))
A20: OT-2026-04 | B20: 46065 | C20: ISBM-005 | D20: ISBM-005 (hidráulica) | E20: Corretiva | F20: Substituição da mangueira hidráulica e plano de substituição por horas. | G20: Interno | I20: Corrigido | J20: Não | K20: 0 | L20: 5 | M20: 700 | O20: INC-2026-02 | P20: =IF(K20="","",ROUND(K20*2088/1000,2)) -> 0 | Q20: =IF(B20="","",IF(E20="Controlo de fugas F-gas",EDATE(B20,6),IF(E20="Limpeza e desinfeção",EDATE(B20,6),IF(E20="Preventiva",EDATE(B20,3),IF(E20="Inspeção",EDATE(B20,12),"")))))
A21: OT-2026-06 | B21: 46096 | C21: ISBM-005 | D21: ISBM-005 (hidráulica) | E21: Preventiva | F21: Substituição preventiva de mangueiras hidráulicas (> 20.000 h). | G21: Interno | I21: Conforme | J21: Não | K21: 0 | L21: 10 | M21: 1900 | P21: =IF(K21="","",ROUND(K21*2088/1000,2)) -> 0 | Q21: =IF(B21="","",IF(E21="Controlo de fugas F-gas",EDATE(B21,6),IF(E21="Limpeza e desinfeção",EDATE(B21,6),IF(E21="Preventiva",EDATE(B21,3),IF(E21="Inspeção",EDATE(B21,12),""))))) -> 46188
A22: OT-2026-08 | B22: 46132 | C22: EX-FP1 | D22: Exaustão / chaminé FP1 da serigrafia | E22: Preventiva | F22: Substituição de filtros da exaustão da serigrafia. | G22: Interno | I22: Conforme | J22: Não | K22: 0 | L22: 3 | M22: 320 | N22: LEG-12 | P22: =IF(K22="","",ROUND(K22*2088/1000,2)) -> 0 | Q22: =IF(B22="","",IF(E22="Controlo de fugas F-gas",EDATE(B22,6),IF(E22="Limpeza e desinfeção",EDATE(B22,6),IF(E22="Preventiva",EDATE(B22,3),IF(E22="Inspeção",EDATE(B22,12),""))))) -> 46223
A23: OT-2026-10 | B23: 46162 | C23: CH-01 | D23: Chiller CH-01 (30 kg R410A) | E23: Controlo de fugas F-gas | F23: Controlo semestral de fugas. | G23: Empresa externa | H23: FrioTec — técnico certificado F-gas (cat. I) | I23: Conforme | J23: Não | K23: 0 | L23: 2 | M23: 180 | N23: LEG-07 | P23: =IF(K23="","",ROUND(K23*2088/1000,2)) -> 0 | Q23: =IF(B23="","",IF(E23="Controlo de fugas F-gas",EDATE(B23,6),IF(E23="Limpeza e desinfeção",EDATE(B23,6),IF(E23="Preventiva",EDATE(B23,3),IF(E23="Inspeção",EDATE(B23,12),""))))) -> 46346
A24: OT-2026-11 | B24: 46182 | C24: TR-01 | D24: Torre de arrefecimento TR-01 | E24: Limpeza e desinfeção | F24: Limpeza e desinfeção semestral; análise de Legionella. | G24: Empresa externa | H24: AquaHigiene Lda. | I24: Conforme | J24: Não | K24: 0 | L24: 6 | M24: 980 | N24: LEG-15 | P24: =IF(K24="","",ROUND(K24*2088/1000,2)) -> 0 | Q24: =IF(B24="","",IF(E24="Controlo de fugas F-gas",EDATE(B24,6),IF(E24="Limpeza e desinfeção",EDATE(B24,6),IF(E24="Preventiva",EDATE(B24,3),IF(E24="Inspeção",EDATE(B24,12),""))))) -> 46365
A25: OT-2026-13 | B25: 46197 | C25: CMP-02 | D25: Compressor CMP-02 | E25: Preventiva | F25: Manutenção 2.000 h dos compressores novos. | G25: Empresa externa | H25: Atlas Service PT | I25: Conforme | J25: Não | K25: 0 | L25: 4 | M25: 900 | P25: =IF(K25="","",ROUND(K25*2088/1000,2)) -> 0 | Q25: =IF(B25="","",IF(E25="Controlo de fugas F-gas",EDATE(B25,6),IF(E25="Limpeza e desinfeção",EDATE(B25,6),IF(E25="Preventiva",EDATE(B25,3),IF(E25="Inspeção",EDATE(B25,12),""))))) -> 46289
A26: OT-2026-15 | B26: 46216 | C26: REDE-AR | D26: Rede de ar comprimido | E26: Inspeção | F26: Deteção de fugas por ultrassons (9 fugas etiquetadas). | G26: Interno | I26: Não conforme | J26: Sim | K26: 0 | L26: 6 | M26: 0 | N26: LEG-08 | P26: =IF(K26="","",ROUND(K26*2088/1000,2)) -> 0 | Q26: =IF(B26="","",IF(E26="Controlo de fugas F-gas",EDATE(B26,6),IF(E26="Limpeza e desinfeção",EDATE(B26,6),IF(E26="Preventiva",EDATE(B26,3),IF(E26="Inspeção",EDATE(B26,12),""))))) -> 46581
A27: OT-2026-17 | B27: 46253 | C27: REDE-AR | D27: Rede de ar comprimido | E27: Corretiva | F27: Substituição de mangueira com fuga e reparação de 5 fugas. | G27: Interno | I27: Corrigido | J27: Não | K27: 0 | L27: 5 | M27: 210 | N27: LEG-08 | O27: INC-2026-10 | P27: =IF(K27="","",ROUND(K27*2088/1000,2)) -> 0 | Q27: =IF(B27="","",IF(E27="Controlo de fugas F-gas",EDATE(B27,6),IF(E27="Limpeza e desinfeção",EDATE(B27,6),IF(E27="Preventiva",EDATE(B27,3),IF(E27="Inspeção",EDATE(B27,12),"")))))
A28: OT-2026-18 | B28: 46258 | C28: EX-FP1 | D28: Exaustão / chaminé FP1 da serigrafia | E28: Preventiva | F28: Substituição de filtros da exaustão da serigrafia. | G28: Interno | I28: Conforme | J28: Não | K28: 0 | L28: 3 | M28: 330 | N28: LEG-12 | P28: =IF(K28="","",ROUND(K28*2088/1000,2)) -> 0 | Q28: =IF(B28="","",IF(E28="Controlo de fugas F-gas",EDATE(B28,6),IF(E28="Limpeza e desinfeção",EDATE(B28,6),IF(E28="Preventiva",EDATE(B28,3),IF(E28="Inspeção",EDATE(B28,12),""))))) -> 46350
A29: OT-2026-19 | B29: 46272 | C29: BR-01 | D29: Bacia de retenção de águas de combate | E29: Inspeção | F29: Inspeção da bacia de retenção (seca e limpa). | G29: Interno | I29: Conforme | J29: Não | K29: 0 | L29: 2 | M29: 0 | N29: LEG-11 | P29: =IF(K29="","",ROUND(K29*2088/1000,2)) -> 0 | Q29: =IF(B29="","",IF(E29="Controlo de fugas F-gas",EDATE(B29,6),IF(E29="Limpeza e desinfeção",EDATE(B29,6),IF(E29="Preventiva",EDATE(B29,3),IF(E29="Inspeção",EDATE(B29,12),""))))) -> 46637
A30: OT-2026-20 | B30: 46272 | C30: VC-01 | D30: Válvula de corte da rede pluvial | E30: Inspeção | F30: Teste de manobra da válvula de corte (3 min). | G30: Interno | I30: Conforme | J30: Não | K30: 0 | L30: 1 | M30: 0 | N30: LEG-11 | P30: =IF(K30="","",ROUND(K30*2088/1000,2)) -> 0 | Q30: =IF(B30="","",IF(E30="Controlo de fugas F-gas",EDATE(B30,6),IF(E30="Limpeza e desinfeção",EDATE(B30,6),IF(E30="Preventiva",EDATE(B30,3),IF(E30="Inspeção",EDATE(B30,12),""))))) -> 46637
A31: OT-2026-21 | B31: 46315 | C31: TR-01 | D31: Torre de arrefecimento TR-01 | E31: Limpeza e desinfeção | F31: Limpeza e desinfeção semestral; análise de Legionella. | G31: Empresa externa | H31: AquaHigiene Lda. | I31: Conforme | J31: Não | K31: 0 | L31: 6 | M31: 990 | N31: LEG-15 | P31: =IF(K31="","",ROUND(K31*2088/1000,2)) -> 0 | Q31: =IF(B31="","",IF(E31="Controlo de fugas F-gas",EDATE(B31,6),IF(E31="Limpeza e desinfeção",EDATE(B31,6),IF(E31="Preventiva",EDATE(B31,3),IF(E31="Inspeção",EDATE(B31,12),""))))) -> 46497
A32: OT-2026-22 | B32: 46321 | C32: EX-FP1 | D32: Exaustão / chaminé FP1 da serigrafia | E32: Preventiva | F32: Substituição de filtros da exaustão da serigrafia. | G32: Interno | I32: Conforme | J32: Não | K32: 0 | L32: 3 | M32: 330 | N32: LEG-12 | P32: =IF(K32="","",ROUND(K32*2088/1000,2)) -> 0 | Q32: =IF(B32="","",IF(E32="Controlo de fugas F-gas",EDATE(B32,6),IF(E32="Limpeza e desinfeção",EDATE(B32,6),IF(E32="Preventiva",EDATE(B32,3),IF(E32="Inspeção",EDATE(B32,12),""))))) -> 46413
A33: OT-2026-23 | B33: 46344 | C33: CH-01 | D33: Chiller CH-01 (30 kg R410A) | E33: Controlo de fugas F-gas | F33: Controlo semestral de fugas (sem fugas). | G33: Empresa externa | H33: FrioTec — técnico certificado F-gas (cat. I) | I33: Conforme | J33: Não | K33: 0 | L33: 2 | M33: 185 | N33: LEG-07 | P33: =IF(K33="","",ROUND(K33*2088/1000,2)) -> 0 | Q33: =IF(B33="","",IF(E33="Controlo de fugas F-gas",EDATE(B33,6),IF(E33="Limpeza e desinfeção",EDATE(B33,6),IF(E33="Preventiva",EDATE(B33,3),IF(E33="Inspeção",EDATE(B33,12),""))))) -> 46525
A34: OT-2026-24 | B34: 46332 | C34: IM-004 | D34: Injetora IM-004 (hidráulica) | E34: Corretiva | F34: Substituição da mangueira hidráulica rompida; tabuleiro de retenção sob a unidade hidráulica. | G34: Interno | I34: Corrigido | J34: Não | K34: 0 | L34: 4 | M34: 640 | O34: INC-2026-12 | P34: =IF(K34="","",ROUND(K34*2088/1000,2)) -> 0 | Q34: =IF(B34="","",IF(E34="Controlo de fugas F-gas",EDATE(B34,6),IF(E34="Limpeza e desinfeção",EDATE(B34,6),IF(E34="Preventiva",EDATE(B34,3),IF(E34="Inspeção",EDATE(B34,12),"")))))
A35: OT-2026-25 | B35: 46365 | C35: REDE-AR | D35: Rede de ar comprimido | E35: Inspeção | F35: Deteção de fugas por ultrassons (3 fugas etiquetadas e reparadas). | G35: Interno | I35: Corrigido | J35: Sim | K35: 0 | L35: 5 | M35: 90 | N35: LEG-08 | P35: =IF(K35="","",ROUND(K35*2088/1000,2)) -> 0 | Q35: =IF(B35="","",IF(E35="Controlo de fugas F-gas",EDATE(B35,6),IF(E35="Limpeza e desinfeção",EDATE(B35,6),IF(E35="Preventiva",EDATE(B35,3),IF(E35="Inspeção",EDATE(B35,12),""))))) -> 46730
A36: OT-2026-26 | B36: 46367 | C36: VC-01 | D36: Válvula de corte da rede pluvial | E36: Inspeção | F36: Teste de manobra da válvula de corte no simulacro (4 min). | G36: Interno | I36: Conforme | J36: Não | K36: 0 | L36: 1 | M36: 0 | N36: LEG-11 | P36: =IF(K36="","",ROUND(K36*2088/1000,2)) -> 0 | Q36: =IF(B36="","",IF(E36="Controlo de fugas F-gas",EDATE(B36,6),IF(E36="Limpeza e desinfeção",EDATE(B36,6),IF(E36="Preventiva",EDATE(B36,3),IF(E36="Inspeção",EDATE(B36,12),""))))) -> 46732
A37: OT-2026-27 | B37: 46371 | C37: QGBT | D37: Quadros elétricos (QGBT e quadros dos USE) | E37: Instalação | F37: Instalação de 6 analisadores de energia e 3 contadores de água com telemetria (PAM-26-02). | G37: Empresa externa | H37: Instalador certificado | I37: Conforme | J37: Não | K37: 0 | L37: 40 | M37: 24000 | N37: LEG-08 | P37: =IF(K37="","",ROUND(K37*2088/1000,2)) -> 0 | Q37: =IF(B37="","",IF(E37="Controlo de fugas F-gas",EDATE(B37,6),IF(E37="Limpeza e desinfeção",EDATE(B37,6),IF(E37="Preventiva",EDATE(B37,3),IF(E37="Inspeção",EDATE(B37,12),"")))))
P38: =IF(K38="","",ROUND(K38*2088/1000,2)) | Q38: =IF(B38="","",IF(E38="Controlo de fugas F-gas",EDATE(B38,6),IF(E38="Limpeza e desinfeção",EDATE(B38,6),IF(E38="Preventiva",EDATE(B38,3),IF(E38="Inspeção",EDATE(B38,12),"")))))
P39: =IF(K39="","",ROUND(K39*2088/1000,2)) | Q39: =IF(B39="","",IF(E39="Controlo de fugas F-gas",EDATE(B39,6),IF(E39="Limpeza e desinfeção",EDATE(B39,6),IF(E39="Preventiva",EDATE(B39,3),IF(E39="Inspeção",EDATE(B39,12),"")))))
P40: =IF(K40="","",ROUND(K40*2088/1000,2)) | Q40: =IF(B40="","",IF(E40="Controlo de fugas F-gas",EDATE(B40,6),IF(E40="Limpeza e desinfeção",EDATE(B40,6),IF(E40="Preventiva",EDATE(B40,3),IF(E40="Inspeção",EDATE(B40,12),"")))))
P41: =IF(K41="","",ROUND(K41*2088/1000,2)) | Q41: =IF(B41="","",IF(E41="Controlo de fugas F-gas",EDATE(B41,6),IF(E41="Limpeza e desinfeção",EDATE(B41,6),IF(E41="Preventiva",EDATE(B41,3),IF(E41="Inspeção",EDATE(B41,12),"")))))
P42: =IF(K42="","",ROUND(K42*2088/1000,2)) | Q42: =IF(B42="","",IF(E42="Controlo de fugas F-gas",EDATE(B42,6),IF(E42="Limpeza e desinfeção",EDATE(B42,6),IF(E42="Preventiva",EDATE(B42,3),IF(E42="Inspeção",EDATE(B42,12),"")))))
P43: =IF(K43="","",ROUND(K43*2088/1000,2)) | Q43: =IF(B43="","",IF(E43="Controlo de fugas F-gas",EDATE(B43,6),IF(E43="Limpeza e desinfeção",EDATE(B43,6),IF(E43="Preventiva",EDATE(B43,3),IF(E43="Inspeção",EDATE(B43,12),"")))))
P44: =IF(K44="","",ROUND(K44*2088/1000,2)) | Q44: =IF(B44="","",IF(E44="Controlo de fugas F-gas",EDATE(B44,6),IF(E44="Limpeza e desinfeção",EDATE(B44,6),IF(E44="Preventiva",EDATE(B44,3),IF(E44="Inspeção",EDATE(B44,12),"")))))
P45: =IF(K45="","",ROUND(K45*2088/1000,2)) | Q45: =IF(B45="","",IF(E45="Controlo de fugas F-gas",EDATE(B45,6),IF(E45="Limpeza e desinfeção",EDATE(B45,6),IF(E45="Preventiva",EDATE(B45,3),IF(E45="Inspeção",EDATE(B45,12),"")))))
P46: =IF(K46="","",ROUND(K46*2088/1000,2)) | Q46: =IF(B46="","",IF(E46="Controlo de fugas F-gas",EDATE(B46,6),IF(E46="Limpeza e desinfeção",EDATE(B46,6),IF(E46="Preventiva",EDATE(B46,3),IF(E46="Inspeção",EDATE(B46,12),"")))))
P47: =IF(K47="","",ROUND(K47*2088/1000,2)) | Q47: =IF(B47="","",IF(E47="Controlo de fugas F-gas",EDATE(B47,6),IF(E47="Limpeza e desinfeção",EDATE(B47,6),IF(E47="Preventiva",EDATE(B47,3),IF(E47="Inspeção",EDATE(B47,12),"")))))
P48: =IF(K48="","",ROUND(K48*2088/1000,2)) | Q48: =IF(B48="","",IF(E48="Controlo de fugas F-gas",EDATE(B48,6),IF(E48="Limpeza e desinfeção",EDATE(B48,6),IF(E48="Preventiva",EDATE(B48,3),IF(E48="Inspeção",EDATE(B48,12),"")))))
P49: =IF(K49="","",ROUND(K49*2088/1000,2)) | Q49: =IF(B49="","",IF(E49="Controlo de fugas F-gas",EDATE(B49,6),IF(E49="Limpeza e desinfeção",EDATE(B49,6),IF(E49="Preventiva",EDATE(B49,3),IF(E49="Inspeção",EDATE(B49,12),"")))))
... P77: =IF(K77="","",ROUND(K77*2088/1000,2)) | Q77: =IF(B77="","",IF(E77="Controlo de fugas F-gas",EDATE(B77,6),IF(E77="Limpeza e desinfeção",EDATE(B77,6),IF(E77="Preventiva",EDATE(B77,3),IF(E77="Inspeção",EDATE(B77,12),"")))))

Sheet Listas
A1: LISTAS CONTROLADAS (domínios de validação de dados) — editar aqui para alterar opções
A2: DataReferencia | B2: Categoria | C2: Processo | D2: Funcao | E2: Resultado | F2: SimNao | G2: MA_Tipo | H2: MA_Exec | I2: MA_Res | J2: MA_SimNao
A3: 46387 | B3: 1. Gestão de Produtos Químicos | C3: REC | D3: Diretor Geral (Gestão de Topo) | E3: Conforme | F3: Sim | G3: Controlo de fugas F-gas | H3: Interno | I3: Conforme | J3: Sim
B4: 2. Eficiência e Manutenção | C4: ARQ | D4: Diretor Industrial | E4: Não conforme | F4: Não | G4: Preventiva | H4: Empresa externa | I4: Não conforme | J4: Não
B5: 3. Emergência | C5: INJ | D5: Gestor do SGA / EHS (Responsável Ambiental) | E5: Não aplicável | G5: Corretiva | I5: Corrigido
B6: 4. Gestão de Resíduos | C6: SOP | D6: Gerente de Produção | G6: Limpeza e desinfeção
B7: 5. Perdas de granulado e energia (extra) | C7: SER | D7: Gerente de Manutenção | G7: Inspeção
C8: HFS | D8: Gerente da Qualidade | G8: Instalação
C9: MOA | D9: Responsável de Armazém e Logística
C10: UTL | D10: Responsável de Compras
C11: MAN | D11: Responsável de R&D
C12: PRS | D12: Responsável de Recursos Humanos
C13: EXP | D13: Diretor Financeiro
C14: LAB | D14: Operador de Serigrafia
C15: RD | D15: Operador de Injeção
C16: CMP | D16: Operador de Sopro (ISBM)
C17: ADM | D17: Operador de Hot Foil
C18: GER | D18: Técnico de Manutenção
D19: Técnico de Utilidades
D20: Operador de Armazém / Empilhador
D21: Chefe de Turno
D22: Auditor Interno do SGA
D23: Representante dos Trabalhadores (SST/Ambiente)
D24: Técnico de Qualidade/Ambiente

Sheet Dicionario_Dados
A1: Folha | B1: Tabela | C1: Coluna | D1: Tipo | E1: Origem | F1: Descricao | G1: Dominio_Unidade | H1: Obrigatorio | I1: Chave
A2: Pontos_Controlo | B2: tbl_pontos | C2: ID_Ponto | D2: Texto | E2: Entrada | F2: Ponto de controlo. | H2: Sim | I2: PK
A3: Pontos_Controlo | B3: tbl_pontos | C3: Categoria | D3: Texto | E3: Entrada | F3: Categoria de inspeção. | G3: Lista lst_Categoria | H3: Sim
A4: Pontos_Controlo | B4: tbl_pontos | C4: Area | D4: Texto | E4: Entrada | F4: Área/processo. | G4: Lista lst_Processo | H4: Sim
A5: Pontos_Controlo | B5: tbl_pontos | C5: Ponto_Controlo | D5: Texto | E5: Entrada | F5: O que verificar? | H5: Sim
A6: Pontos_Controlo | B6: tbl_pontos | C6: Criterio_Aceitacao | D6: Texto | E6: Entrada | F6: Quando está OK? (critério objetivo) | H6: Sim
A7: Pontos_Controlo | B7: tbl_pontos | C7: Metodo | D7: Texto | E7: Entrada | F7: Como verificar. | H7: Sim
A8: Pontos_Controlo | B8: tbl_pontos | C8: Frequencia | D8: Texto | E8: Entrada | F8: Frequência. | H8: Sim
A9: Pontos_Controlo | B9: tbl_pontos | C9: Responsavel | D9: Texto | E9: Entrada | F9: Quem verifica. | G9: Lista lst_Funcao | H9: Sim
A10: Pontos_Controlo | B10: tbl_pontos | C10: ID_Aspeto | D10: Texto | E10: Entrada | F10: Aspeto controlado. | H10: Sim | I10: FK → RG-SGA-03
A11: Pontos_Controlo | B11: tbl_pontos | C11: Clausula | D11: Texto | E11: Entrada | F11: Requisito. | H11: Sim
A12: Pontos_Controlo | B12: tbl_pontos | C12: Selecionado_Atv_4_3 | D12: Texto | E12: Entrada | F12: Ponto da checklist da Atividade 4.3. | G12: Lista lst_SimNao | H12: Sim
A13: Pontos_Controlo | B13: tbl_pontos | C13: N_Verificacoes | D13: Inteiro | E13: Calculado (fórmula) | F13: N.º de verificações em 2026. | H13: Sim
A14: Pontos_Controlo | B14: tbl_pontos | C14: Taxa_Conformidade | D14: Percentagem (fração 0-1) | E14: Calculado (fórmula) | F14: % conforme em 2026. | H14: Sim
A15: Pontos_Controlo | B15: tbl_pontos | C15: Taxa_Ultimas_8 | D15: Percentagem (fração 0-1) | E15: Calculado (fórmula) | F15: % conforme nas últimas 8 semanas. | H15: Sim
A16: Pontos_Controlo | B16: tbl_pontos | C16: Tendencia | D16: Texto | E16: Calculado (fórmula) | F16: Comparação últimas 8 semanas vs ano. | H16: Sim
A17: Execucao_Rondas | B17: tbl_execucao_rondas | C17: ID_Ronda | D17: Texto | E17: Entrada | F17: Ronda (semana). | H17: Sim | I17: PK (com ID_Ponto)
A18: Execucao_Rondas | B18: tbl_execucao_rondas | C18: Data | D18: Data (aaaa-mm-dd) | E18: Entrada | F18: Data da ronda. | H18: Sim
A19: Execucao_Rondas | B19: tbl_execucao_rondas | C19: Ano_Mes | D19: Inteiro | E19: Calculado (fórmula) | F19: Mês AAAAMM (chave numérica para agregação, independente do idioma do Excel). | H19: Sim
A20: Execucao_Rondas | B20: tbl_execucao_rondas | C20: Turno | D20: Inteiro | E20: Entrada | F20: Turno em que foi feita. | H20: Sim
A21: Execucao_Rondas | B21: tbl_execucao_rondas | C21: ID_Ponto | D21: Texto | E21: Entrada | F21: Ponto verificado. | H21: Sim | I21: FK → tbl_pontos
A22: Execucao_Rondas | B22: tbl_execucao_rondas | C22: Categoria | D22: Texto | E22: Calculado (fórmula) | F22: Categoria do ponto. | H22: Sim
A23: Execucao_Rondas | B23: tbl_execucao_rondas | C23: Resultado | D23: Texto | E23: Entrada | F23: Conforme / Não conforme / Não aplicável. | G23: Lista lst_Resultado | H23: Sim
A24: Execucao_Rondas | B24: tbl_execucao_rondas | C24: Observacao | D24: Texto | E24: Entrada | F24: Descrição do desvio. | H24: Não
A25: Execucao_Rondas | B25: tbl_execucao_rondas | C25: Acao_Imediata | D25: Texto | E25: Entrada | F25: Ação no momento. | H25: Não
A26: Execucao_Rondas | B26: tbl_execucao_rondas | C26: ID_NC | D26: Texto | E26: Entrada | F26: NC aberta. | H26: Não | I26: FK → RG-SGA-07
A27: Execucao_Rondas | B27: tbl_execucao_rondas | C27: Evidencia_Foto | D27: Texto | E27: Entrada | F27: Ficheiro de fotografia. | H27: Não
A28: Execucao_Rondas | B28: tbl_execucao_rondas | C28: Verificador | D28: Texto | E28: Entrada | F28: Quem fez a ronda. | G28: Lista lst_Funcao | H28: Sim
A29: Execucao_Rondas | B29: tbl_execucao_rondas | C29: NC_Flag | D29: Inteiro | E29: Calculado (fórmula) | F29: 1 = não conforme (variável alvo para modelos). | H29: Sim
A30: Manutencao_Ambiental | B30: tbl_manutencao_ambiental | C30: ID_OT | D30: Texto | E30: Entrada | F30: Ordem de trabalho. | H30: Sim | I30: PK
A31: Manutencao_Ambiental | B31: tbl_manutencao_ambiental | C31: Data | D31: Data (aaaa-mm-dd) | E31: Entrada | F31: Data da intervenção. | H31: Sim
A32: Manutencao_Ambiental | B32: tbl_manutencao_ambiental | C32: ID_Equipamento | D32: Texto | E32: Entrada | F32: Equipamento. | H32: Sim
A33: Manutencao_Ambiental | B33: tbl_manutencao_ambiental | C33: Equipamento | D33: Texto | E33: Entrada | F33: Descrição do equipamento. | H33: Sim
A34: Manutencao_Ambiental | B34: tbl_manutencao_ambiental | C34: Tipo_Intervencao | D34: Texto | E34: Entrada | F34: Tipo de intervenção. | G34: Lista lst_MA_Tipo | H34: Sim
A35: Manutencao_Ambiental | B35: tbl_manutencao_ambiental | C35: Descricao | D35: Texto | E35: Entrada | F35: Trabalho realizado. | H35: Sim
A36: Manutencao_Ambiental | B36: tbl_manutencao_ambiental | C36: Executante | D36: Texto | E36: Entrada | F36: Interno ou empresa externa. | G36: Lista lst_MA_Exec | H36: Sim
A37: Manutencao_Ambiental | B37: tbl_manutencao_ambiental | C37: Empresa_Tecnico | D37: Texto | E37: Entrada | F37: Empresa e certificação (F-gas: técnico certificado obrigatório). | H37: Não
A38: Manutencao_Ambiental | B38: tbl_manutencao_ambiental | C38: Resultado | D38: Texto | E38: Entrada | F38: Resultado. | G38: Lista lst_MA_Res | H38: Sim
A39: Manutencao_Ambiental | B39: tbl_manutencao_ambiental | C39: Fuga_Detetada | D39: Texto | E39: Entrada | F39: Se foi detetada fuga (gás, ar, óleo). | G39: Lista lst_MA_SimNao | H39: Sim
A40: Manutencao_Ambiental | B40: tbl_manutencao_ambiental | C40: Fluido_Recarregado_kg | D40: Decimal | E40: Entrada | F40: Gás fluorado recarregado (kg). | H40: Sim
A41: Manutencao_Ambiental | B41: tbl_manutencao_ambiental | C41: Horas | D41: Decimal | E41: Entrada | F41: Horas de trabalho. | H41: Sim
A42: Manutencao_Ambiental | B42: tbl_manutencao_ambiental | C42: Custo_EUR | D42: Moeda (EUR) | E42: Entrada | F42: Custo. | H42: Sim
A43: Manutencao_Ambiental | B43: tbl_manutencao_ambiental | C43: ID_Legal | D43: Texto | E43: Entrada | F43: Requisito legal associado. | H43: Não | I43: FK → tbl_legal
A44: Manutencao_Ambiental | B44: tbl_manutencao_ambiental | C44: ID_Incidente | D44: Texto | E44: Entrada | F44: Incidente associado. | H44: Não | I44: FK → tbl_incidentes (RG-SGA-07)
A45: Manutencao_Ambiental | B45: tbl_manutencao_ambiental | C45: tCO2e_Fuga | D45: Decimal | E45: Calculado (fórmula) | F45: Emissão equivalente da recarga (R410A, GWP 2.088). | H45: Sim
A46: Manutencao_Ambiental | B46: tbl_manutencao_ambiental | C46: Proxima_Intervencao | D46: Data (aaaa-mm-dd) | E46: Calculado (fórmula) | F46: Próxima intervenção periódica (F-gas e desinfeção 6 meses; preventiva 3; inspeção 12). | H46: Sim
