Workbook
Name DataRef: Listas!$A$3
Name lst_DataReferencia: Listas!$A$3:$A$3
Name lst_Frequencia: Listas!$E$3:$E$6
Name lst_Funcao: Listas!$C$3:$C$28
Name lst_Polaridade: Listas!$D$3:$D$4
Name lst_Processo: Listas!$B$3:$B$20

Sheet 00_LEIA-ME
A1: RG-SGQ-05 — Objetivos da Qualidade, KPI e Plano de Monitorização e Medição
A2: Sistema de Gestão da Qualidade NP EN ISO 9001:2026 · Plasticom — Unidade 1 (Marinha Grande, Portugal) · Registo do SGQ (fábrica simulada)
A4: CONTROLO DO DOCUMENTO (7.5 — informação documentada)
A5: Código do registo | B5: RG-SGQ-05
A6: Título | B6: Objetivos da Qualidade, KPI e Plano de Monitorização e Medição
A7: Versão / Revisão | B7: 01
A8: Data de emissão | B8: 46387
A9: Elaborado por | B9: Gerente da Qualidade
A10: Aprovado por | B10: Diretor Geral
A11: Estado | B11: Em vigor
A12: Retenção | B12: 5 anos após substituição
A13: Localização | B13: Repositório controlado do SGQ > Registos_SGQ_Plasticom (a versão eletrónica é a controlada; cópias impressas são não controladas). Proteção contra alterações não intencionais (7.5.3.2): edição só pelo dono do registo; histórico de versões no repositório.
A15: FINALIDADE E ÂMBITO
A16: Finalidade | B16: Base mensal de desempenho da qualidade 2025-07 a 2026-12 agregada do dataset (produção, lotes, vendas, reclamações, matérias-primas, fornecedores, CAPA, SPC) e 13 KPI mensais calculados por fórmula, com painel de estado face às metas, objetivos SMART com o plano 6.2.2 e o plano de monitorização e medição 9.1.1.
A17: Utilização / atividades | B17: Estabelecer objetivos da qualidade mensuráveis e o planeamento para os atingir; definir o que se monitoriza, como, quando se mede e quando se analisa; acompanhar os KPI mensais.
A18: Requisitos ISO 9001:2026 | B18: 6.2.1 a)–h) Objetivos da qualidade (disponíveis como informação documentada); 6.2.2 a)–e) planeamento; 9.1.1 a)–d) monitorização e medição (evidência dos resultados); 9.1.3 análise e avaliação; 5.1.1 e)
A20: REFERÊNCIAS DE BOAS PRÁTICAS APLICADAS (orientação — não são requisitos auditáveis da ISO 9001)
A21: ISO/TC 176 APG — Policy and objectives | B21: Objetivos mensuráveis, com responsável, prazo, recursos e método de avaliação — tbl_objetivos colunas 6.2.2 a)–e).
A22: Academy — cap. 157 (VoC → CTQ → KPI) e cap. 180 (DPU, DPMO, FPY) | B22: Ligação cliente → CTQ → KPI → meta; métricas de rendimento.
A23: iso9001help.co.uk — Monitoring and measurement | B23: Plano de monitorização com o quê/como/quando medir/quando analisar e registo da evidência.
A25: ESTRUTURA DO FICHEIRO
A26: Base_Mensal | B26: Base mensal de desempenho agregada do dataset (factos de entrada dos KPI).
A27: KPI_Mensal | B27: KPI mensais calculados por fórmula a partir da base mensal (9.1.1 — evidência dos resultados).
A28: Catalogo_KPI | B28: Catálogo de indicadores do SGQ (definição, meta, dono, fonte).
A29: Painel_KPI | B29: Painel calculado: último mês, média de 12 meses, tendência de 6 meses e estado face à meta de cada KPI mensal; gráficos.
A30: Objetivos_Qualidade | B30: Objetivos da qualidade e planeamento para os atingir (6.2.1 e 6.2.2).
A31: Plano_Monitorizacao | B31: Plano de monitorização, medição, análise e avaliação (9.1.1 a–d) — mesma estrutura do RG-SGA-13.
A32: Listas | B32: Domínios (listas de valores) usados na validação de dados das tabelas.
A33: Dicionario_Dados | B33: Descrição de cada coluna de cada tabela: tipo, origem (entrada/calculado), domínio, obrigatoriedade e chaves.
A35: CONVENÇÕES (prontas para análise de dados e machine learning)
A36: Tabelas | B36: Cada registo é uma Tabela Excel com nome próprio (tbl_*): uma linha = um registo, cabeçalho único, sem células mescladas. Ler com pandas (pd.read_excel(ficheiro, sheet_name=folha, header=<linha do cabeçalho - 1>)) ou Power BI (Obter Dados > Tabela).
A37: Cabeçalho cinzento | B37: Coluna CALCULADA por fórmula — não escrever por cima. As restantes colunas são de entrada.
A38: Validação | B38: Colunas com lista controlada só aceitam valores da folha Listas (evita categorias duplicadas por grafia diferente).
A39: Chaves | B39: IDs estáveis e únicos (PK) e referências a IDs de outros registos (FK) permitem juntar tabelas entre ficheiros do SGQ e do SGA — ver SGQ-00_Indice_Modelo_Dados.xlsx.
A40: Datas e unidades | B40: Datas em formato data (aaaa-mm-dd); números como números; a unidade está no nome da coluna ou no dicionário. Data de referência do SGQ: 2026-12-31.
A41: Dados | B41: Fábrica simulada Plasticom. Dados operacionais e de qualidade extraídos do dataset do projeto (datasets/silver e datasets/dim, período 2025-07-01 a 2026-12-31); os campos de gestão que o dataset não tem (datas de resposta, avaliações, decisões) são simulação didática coerente com esses dados.
A43: LIGAÇÕES A OUTROS REGISTOS
A44: RG-SGQ-03 Política | B44: Cada objetivo liga a um compromisso da política (6.2.1 a).
A45: RG-SGQ-04 | B45: KPI usados para avaliar a eficácia das ações de risco.
A46: RG-SGQ-15 / RG-SGQ-19 | B46: KPI semestrais (CSI, NPS) e custo da qualidade.
A47: RG-SGA-05 | B47: Objetivos ambientais do SGI (mesma estrutura SMART).

Sheet Base_Mensal
A1: BASE MENSAL DE DESEMPENHO DA QUALIDADE — dados do dataset
A2: 2025-07-01 a 2026-12-31 · Uma linha por mês · Linhas_OTIF é simulado (o dataset não tem data prometida)
A4: Mes | B4: Produzido | C4: Rejeitado | D4: OEE_Soma | E4: Ordens | F4: Lotes_Decididos | G4: Lotes_1a | H4: Lotes_Concessao | I4: Lotes_Rejeitados | J4: Expedido | K4: Vendas_EUR | L4: Linhas_Expedidas | M4: Reclamacoes | N4: Reclamacoes_Servico | O4: Qtd_Afetada | P4: Reclamacoes_Criticas | Q4: Reclamacoes_Resolvidas | R4: Dias_Resolucao_Soma | S4: Lotes_MP | T4: Lotes_MP_Aceites | U4: SCAR | V4: Dias_Resposta_SCAR_Soma | W4: CAPA_Com_Prazo | X4: CAPA_Fechadas_No_Prazo | Y4: CAPA_Eficazes | Z4: CAPA_Nao_Eficazes | AA4: Subgrupos_SPC | AB4: Subgrupos_Cpk_1 | AC4: Linhas_OTIF
A5: 2025-07 | B5: 6350668 | C5: 147226 | D5: 674.49277 | E5: 867 | F5: 446 | G5: 387 | H5: 5 | I5: 47 | J5: 2125724 | K5: 283228.32 | L5: 374 | M5: 1 | N5: 0 | O5: 36 | P5: 0 | Q5: 0 | R5: 0 | S5: 104 | T5: 91 | U5: 8 | V5: 67 | W5: 0 | X5: 0 | Y5: 2 | Z5: 1 | AA5: 16473 | AB5: 7660 | AC5: 365
A6: 2025-08 | B6: 6363215 | C6: 149045 | D6: 633.10554 | E6: 822 | F6: 434 | G6: 370 | H6: 10 | I6: 46 | J6: 2517293 | K6: 318985.93 | L6: 445 | M6: 14 | N6: 10 | O6: 795 | P6: 4 | Q6: 4 | R6: 55 | S6: 102 | T6: 97 | U6: 1 | V6: 4 | W6: 33 | X6: 11 | Y6: 9 | Z6: 11 | AA6: 16195 | AB6: 7453 | AC6: 428
A7: 2025-09 | B7: 6007651 | C7: 152258 | D7: 646.70451 | E7: 841 | F7: 437 | G7: 371 | H7: 11 | I7: 48 | J7: 2330795 | K7: 297387.18 | L7: 438 | M7: 9 | N7: 4 | O7: 492 | P7: 4 | Q7: 8 | R7: 192 | S7: 101 | T7: 88 | U7: 6 | V7: 36 | W7: 49 | X7: 25 | Y7: 9 | Z7: 12 | AA7: 15671 | AB7: 7436 | AC7: 420
A8: 2025-10 | B8: 6140692 | C8: 143964 | D8: 681.6514 | E8: 892 | F8: 494 | G8: 424 | H8: 15 | I8: 51 | J8: 2567553 | K8: 323233.56 | L8: 491 | M8: 14 | N8: 8 | O8: 439 | P8: 5 | Q8: 9 | R8: 143 | S8: 114 | T8: 107 | U8: 4 | V8: 25 | W8: 44 | X8: 15 | Y8: 13 | Z8: 13 | AA8: 16244 | AB8: 7569 | AC8: 472
A9: 2025-11 | B9: 5970750 | C9: 144066 | D9: 640.68827 | E9: 841 | F9: 439 | G9: 372 | H9: 6 | I9: 52 | J9: 2422140 | K9: 322056.36 | L9: 455 | M9: 10 | N9: 7 | O9: 333 | P9: 1 | Q9: 12 | R9: 235 | S9: 102 | T9: 92 | U9: 2 | V9: 13 | W9: 45 | X9: 24 | Y9: 11 | Z9: 9 | AA9: 15722 | AB9: 7357 | AC9: 434
A10: 2025-12 | B10: 6132928 | C10: 143227 | D10: 644.63287 | E10: 852 | F10: 442 | G10: 393 | H10: 5 | I10: 39 | J10: 2520321 | K10: 318200.07 | L10: 472 | M10: 23 | N10: 11 | O10: 1194 | P10: 5 | Q10: 12 | R10: 170 | S10: 116 | T10: 100 | U10: 7 | V10: 47 | W10: 56 | X10: 31 | Y10: 20 | Z10: 12 | AA10: 16252 | AB10: 7539 | AC10: 450
A11: 2026-01 | B11: 6038474 | C11: 141818 | D11: 625.90893 | E11: 817 | F11: 426 | G11: 368 | H11: 6 | I11: 49 | J11: 2719061 | K11: 318417.75 | L11: 480 | M11: 8 | N11: 4 | O11: 711 | P11: 3 | Q11: 11 | R11: 211 | S11: 103 | T11: 90 | U11: 6 | V11: 33 | W11: 39 | X11: 21 | Y11: 7 | Z11: 8 | AA11: 16273 | AB11: 7774 | AC11: 465
A12: 2026-02 | B12: 5579581 | C12: 127878 | D12: 582.32638 | E12: 757 | F12: 389 | G12: 330 | H12: 5 | I12: 51 | J12: 2195928 | K12: 295454 | L12: 397 | M12: 9 | N12: 5 | O12: 493 | P12: 3 | Q12: 9 | R12: 177 | S12: 92 | T12: 84 | U12: 2 | V12: 7 | W12: 30 | X12: 13 | Y12: 9 | Z12: 13 | AA12: 14704 | AB12: 6738 | AC12: 380
A13: 2026-03 | B13: 6350526 | C13: 159141 | D13: 651.15848 | E13: 851 | F13: 439 | G13: 375 | H13: 8 | I13: 49 | J13: 2259115 | K13: 291820.89 | L13: 430 | M13: 10 | N13: 4 | O13: 669 | P13: 2 | Q13: 12 | R13: 226 | S13: 99 | T13: 85 | U13: 7 | V13: 47 | W13: 37 | X13: 23 | Y13: 13 | Z13: 10 | AA13: 16342 | AB13: 7591 | AC13: 410
A14: 2026-04 | B14: 5787874 | C14: 143082 | D14: 619.96431 | E14: 831 | F14: 440 | G14: 390 | H14: 6 | I14: 36 | J14: 2593176 | K14: 312343.62 | L14: 458 | M14: 15 | N14: 6 | O14: 662 | P14: 5 | Q14: 10 | R14: 130 | S14: 104 | T14: 96 | U14: 5 | V14: 28 | W14: 56 | X14: 24 | Y14: 17 | Z14: 6 | AA14: 15617 | AB14: 7300 | AC14: 436
A15: 2026-05 | B15: 6169185 | C15: 151027 | D15: 669.52172 | E15: 877 | F15: 441 | G15: 373 | H15: 3 | I15: 59 | J15: 2456771 | K15: 295775.6 | L15: 454 | M15: 15 | N15: 12 | O15: 771 | P15: 1 | Q15: 9 | R15: 186 | S15: 112 | T15: 98 | U15: 6 | V15: 30 | W15: 43 | X15: 25 | Y15: 12 | Z15: 8 | AA15: 16148 | AB15: 7437 | AC15: 432
A16: 2026-06 | B16: 5838345 | C16: 134597 | D16: 619.3318 | E16: 816 | F16: 430 | G16: 371 | H16: 8 | I16: 47 | J16: 2475345 | K16: 332360.25 | L16: 449 | M16: 10 | N16: 4 | O16: 410 | P16: 2 | Q16: 10 | R16: 248 | S16: 102 | T16: 92 | U16: 4 | V16: 28 | W16: 37 | X16: 16 | Y16: 13 | Z16: 10 | AA16: 15707 | AB16: 7272 | AC16: 439
... A22: 2026-12 | B22: 7862818 | C22: 177003 | D22: 766.14211 | E22: 1026 | F22: 540 | G22: 459 | H22: 5 | I22: 71 | J22: 2855835 | K22: 376749.74 | L22: 518 | M22: 12 | N22: 4 | O22: 632 | P22: 4 | Q22: 13 | R22: 255 | S22: 103 | T22: 92 | U22: 4 | V22: 35 | W22: 56 | X22: 30 | Y22: 13 | Z22: 15 | AA22: 21234 | AB22: 9403 | AC22: 500

Sheet KPI_Mensal
A1: KPI MENSAIS DA QUALIDADE — calculados
A2: Todas as colunas são fórmulas sobre tbl_base_mensal · Metas e estado no Painel_KPI
A4: Mes | B4: Taxa_Rejeicao | C4: FPY_Lotes | D4: PPM_Cliente | E4: CPMU | F4: Reclamacoes_Servico | G4: Dias_Resolucao | H4: OEE | I4: Lotes_MP_Aceites | J4: Dias_Resposta_SCAR | K4: CAPA_No_Prazo | L4: CAPA_Eficacia | M4: Taxa_Concessao | N4: Pct_Cpk_1 | O4: OTIF
A5: 2025-07 | B5: =IFERROR(INDEX(tbl_base_mensal[Rejeitado],MATCH(A5,tbl_base_mensal[Mes],0))/INDEX(tbl_base_mensal[Produzido],MATCH(A5,tbl_base_mensal[Mes],0)),"") -> 0.023182758 | C5: =IFERROR(INDEX(tbl_base_mensal[Lotes_1a],MATCH(A5,tbl_base_mensal[Mes],0))/INDEX(tbl_base_mensal[Lotes_Decididos],MATCH(A5,tbl_base_mensal[Mes],0)),"") -> 0.867713 | D5: =IFERROR(INDEX(tbl_base_mensal[Qtd_Afetada],MATCH(A5,tbl_base_mensal[Mes],0))/INDEX(tbl_base_mensal[Expedido],MATCH(A5,tbl_base_mensal[Mes],0))*1000000,"") -> 16.935406 | E5: =IFERROR(INDEX(tbl_base_mensal[Reclamacoes],MATCH(A5,tbl_base_mensal[Mes],0))/INDEX(tbl_base_mensal[Expedido],MATCH(A5,tbl_base_mensal[Mes],0))*1000000,"") -> 0.47042796 | F5: =INDEX(tbl_base_mensal[Reclamacoes_Servico],MATCH(A5,tbl_base_mensal[Mes],0)) -> 0 | G5: =IFERROR(INDEX(tbl_base_mensal[Dias_Resolucao_Soma],MATCH(A5,tbl_base_mensal[Mes],0))/INDEX(tbl_base_mensal[Reclamacoes_Resolvidas],MATCH(A5,tbl_base_mensal[Mes],0)),"") | H5: =IFERROR(INDEX(tbl_base_mensal[OEE_Soma],MATCH(A5,tbl_base_mensal[Mes],0))/INDEX(tbl_base_mensal[Ordens],MATCH(A5,tbl_base_mensal[Mes],0)),"") -> 0.77796168 | I5: =IFERROR(INDEX(tbl_base_mensal[Lotes_MP_Aceites],MATCH(A5,tbl_base_mensal[Mes],0))/INDEX(tbl_base_mensal[Lotes_MP],MATCH(A5,tbl_base_mensal[Mes],0)),"") -> 0.875 | J5: =IFERROR(INDEX(tbl_base_mensal[Dias_Resposta_SCAR_Soma],MATCH(A5,tbl_base_mensal[Mes],0))/INDEX(tbl_base_mensal[SCAR],MATCH(A5,tbl_base_mensal[Mes],0)),"") -> 8.375 | K5: =IFERROR(INDEX(tbl_base_mensal[CAPA_Fechadas_No_Prazo],MATCH(A5,tbl_base_mensal[Mes],0))/INDEX(tbl_base_mensal[CAPA_Com_Prazo],MATCH(A5,tbl_base_mensal[Mes],0)),"") | L5: =IFERROR(INDEX(tbl_base_mensal[CAPA_Eficazes],MATCH(A5,tbl_base_mensal[Mes],0))/(INDEX(tbl_base_mensal[CAPA_Eficazes],MATCH(A5,tbl_base_mensal[Mes],0))+INDEX(tbl_base_mensal[CAPA_Nao_Eficazes],MATCH(A5,tbl_base_mensal[Mes],0))),"") -> 0.66666667 | M5: =IFERROR(INDEX(tbl_base_mensal[Lotes_Concessao],MATCH(A5,tbl_base_mensal[Mes],0))/INDEX(tbl_base_mensal[Lotes_Decididos],MATCH(A5,tbl_base_mensal[Mes],0)),"") -> 0.011210762 | N5: =IFERROR(INDEX(tbl_base_mensal[Subgrupos_Cpk_1],MATCH(A5,tbl_base_mensal[Mes],0))/INDEX(tbl_base_mensal[Subgrupos_SPC],MATCH(A5,tbl_base_mensal[Mes],0)),"") -> 0.46500334 | O5: =IFERROR(INDEX(tbl_base_mensal[Linhas_OTIF],MATCH(A5,tbl_base_mensal[Mes],0))/INDEX(tbl_base_mensal[Linhas_Expedidas],MATCH(A5,tbl_base_mensal[Mes],0)),"") -> 0.97593583
A6: 2025-08 | B6: =IFERROR(INDEX(tbl_base_mensal[Rejeitado],MATCH(A6,tbl_base_mensal[Mes],0))/INDEX(tbl_base_mensal[Produzido],MATCH(A6,tbl_base_mensal[Mes],0)),"") -> 0.023422908 | C6: =IFERROR(INDEX(tbl_base_mensal[Lotes_1a],MATCH(A6,tbl_base_mensal[Mes],0))/INDEX(tbl_base_mensal[Lotes_Decididos],MATCH(A6,tbl_base_mensal[Mes],0)),"") -> 0.85253456 | D6: =IFERROR(INDEX(tbl_base_mensal[Qtd_Afetada],MATCH(A6,tbl_base_mensal[Mes],0))/INDEX(tbl_base_mensal[Expedido],MATCH(A6,tbl_base_mensal[Mes],0))*1000000,"") -> 315.81544 | E6: =IFERROR(INDEX(tbl_base_mensal[Reclamacoes],MATCH(A6,tbl_base_mensal[Mes],0))/INDEX(tbl_base_mensal[Expedido],MATCH(A6,tbl_base_mensal[Mes],0))*1000000,"") -> 5.5615298 | F6: =INDEX(tbl_base_mensal[Reclamacoes_Servico],MATCH(A6,tbl_base_mensal[Mes],0)) -> 10 | G6: =IFERROR(INDEX(tbl_base_mensal[Dias_Resolucao_Soma],MATCH(A6,tbl_base_mensal[Mes],0))/INDEX(tbl_base_mensal[Reclamacoes_Resolvidas],MATCH(A6,tbl_base_mensal[Mes],0)),"") -> 13.75 | H6: =IFERROR(INDEX(tbl_base_mensal[OEE_Soma],MATCH(A6,tbl_base_mensal[Mes],0))/INDEX(tbl_base_mensal[Ordens],MATCH(A6,tbl_base_mensal[Mes],0)),"") -> 0.77020139 | I6: =IFERROR(INDEX(tbl_base_mensal[Lotes_MP_Aceites],MATCH(A6,tbl_base_mensal[Mes],0))/INDEX(tbl_base_mensal[Lotes_MP],MATCH(A6,tbl_base_mensal[Mes],0)),"") -> 0.95098039 | J6: =IFERROR(INDEX(tbl_base_mensal[Dias_Resposta_SCAR_Soma],MATCH(A6,tbl_base_mensal[Mes],0))/INDEX(tbl_base_mensal[SCAR],MATCH(A6,tbl_base_mensal[Mes],0)),"") -> 4 | K6: =IFERROR(INDEX(tbl_base_mensal[CAPA_Fechadas_No_Prazo],MATCH(A6,tbl_base_mensal[Mes],0))/INDEX(tbl_base_mensal[CAPA_Com_Prazo],MATCH(A6,tbl_base_mensal[Mes],0)),"") -> 0.33333333 | L6: =IFERROR(INDEX(tbl_base_mensal[CAPA_Eficazes],MATCH(A6,tbl_base_mensal[Mes],0))/(INDEX(tbl_base_mensal[CAPA_Eficazes],MATCH(A6,tbl_base_mensal[Mes],0))+INDEX(tbl_base_mensal[CAPA_Nao_Eficazes],MATCH(A6,tbl_base_mensal[Mes],0))),"") -> 0.45 | M6: =IFERROR(INDEX(tbl_base_mensal[Lotes_Concessao],MATCH(A6,tbl_base_mensal[Mes],0))/INDEX(tbl_base_mensal[Lotes_Decididos],MATCH(A6,tbl_base_mensal[Mes],0)),"") -> 0.023041475 | N6: =IFERROR(INDEX(tbl_base_mensal[Subgrupos_Cpk_1],MATCH(A6,tbl_base_mensal[Mes],0))/INDEX(tbl_base_mensal[Subgrupos_SPC],MATCH(A6,tbl_base_mensal[Mes],0)),"") -> 0.46020377 | O6: =IFERROR(INDEX(tbl_base_mensal[Linhas_OTIF],MATCH(A6,tbl_base_mensal[Mes],0))/INDEX(tbl_base_mensal[Linhas_Expedidas],MATCH(A6,tbl_base_mensal[Mes],0)),"") -> 0.96179775
A7: 2025-09 | B7: =IFERROR(INDEX(tbl_base_mensal[Rejeitado],MATCH(A7,tbl_base_mensal[Mes],0))/INDEX(tbl_base_mensal[Produzido],MATCH(A7,tbl_base_mensal[Mes],0)),"") -> 0.025344015 | C7: =IFERROR(INDEX(tbl_base_mensal[Lotes_1a],MATCH(A7,tbl_base_mensal[Mes],0))/INDEX(tbl_base_mensal[Lotes_Decididos],MATCH(A7,tbl_base_mensal[Mes],0)),"") -> 0.84897025 | D7: =IFERROR(INDEX(tbl_base_mensal[Qtd_Afetada],MATCH(A7,tbl_base_mensal[Mes],0))/INDEX(tbl_base_mensal[Expedido],MATCH(A7,tbl_base_mensal[Mes],0))*1000000,"") -> 211.08678 | E7: =IFERROR(INDEX(tbl_base_mensal[Reclamacoes],MATCH(A7,tbl_base_mensal[Mes],0))/INDEX(tbl_base_mensal[Expedido],MATCH(A7,tbl_base_mensal[Mes],0))*1000000,"") -> 3.8613434 | F7: =INDEX(tbl_base_mensal[Reclamacoes_Servico],MATCH(A7,tbl_base_mensal[Mes],0)) -> 4 | G7: =IFERROR(INDEX(tbl_base_mensal[Dias_Resolucao_Soma],MATCH(A7,tbl_base_mensal[Mes],0))/INDEX(tbl_base_mensal[Reclamacoes_Resolvidas],MATCH(A7,tbl_base_mensal[Mes],0)),"") -> 24 | H7: =IFERROR(INDEX(tbl_base_mensal[OEE_Soma],MATCH(A7,tbl_base_mensal[Mes],0))/INDEX(tbl_base_mensal[Ordens],MATCH(A7,tbl_base_mensal[Mes],0)),"") -> 0.76897088 | I7: =IFERROR(INDEX(tbl_base_mensal[Lotes_MP_Aceites],MATCH(A7,tbl_base_mensal[Mes],0))/INDEX(tbl_base_mensal[Lotes_MP],MATCH(A7,tbl_base_mensal[Mes],0)),"") -> 0.87128713 | J7: =IFERROR(INDEX(tbl_base_mensal[Dias_Resposta_SCAR_Soma],MATCH(A7,tbl_base_mensal[Mes],0))/INDEX(tbl_base_mensal[SCAR],MATCH(A7,tbl_base_mensal[Mes],0)),"") -> 6 | K7: =IFERROR(INDEX(tbl_base_mensal[CAPA_Fechadas_No_Prazo],MATCH(A7,tbl_base_mensal[Mes],0))/INDEX(tbl_base_mensal[CAPA_Com_Prazo],MATCH(A7,tbl_base_mensal[Mes],0)),"") -> 0.51020408 | L7: =IFERROR(INDEX(tbl_base_mensal[CAPA_Eficazes],MATCH(A7,tbl_base_mensal[Mes],0))/(INDEX(tbl_base_mensal[CAPA_Eficazes],MATCH(A7,tbl_base_mensal[Mes],0))+INDEX(tbl_base_mensal[CAPA_Nao_Eficazes],MATCH(A7,tbl_base_mensal[Mes],0))),"") -> 0.42857143 | M7: =IFERROR(INDEX(tbl_base_mensal[Lotes_Concessao],MATCH(A7,tbl_base_mensal[Mes],0))/INDEX(tbl_base_mensal[Lotes_Decididos],MATCH(A7,tbl_base_mensal[Mes],0)),"") -> 0.025171625 | N7: =IFERROR(INDEX(tbl_base_mensal[Subgrupos_Cpk_1],MATCH(A7,tbl_base_mensal[Mes],0))/INDEX(tbl_base_mensal[Subgrupos_SPC],MATCH(A7,tbl_base_mensal[Mes],0)),"") -> 0.47450705 | O7: =IFERROR(INDEX(tbl_base_mensal[Linhas_OTIF],MATCH(A7,tbl_base_mensal[Mes],0))/INDEX(tbl_base_mensal[Linhas_Expedidas],MATCH(A7,tbl_base_mensal[Mes],0)),"") -> 0.95890411
A8: 2025-10 | B8: =IFERROR(INDEX(tbl_base_mensal[Rejeitado],MATCH(A8,tbl_base_mensal[Mes],0))/INDEX(tbl_base_mensal[Produzido],MATCH(A8,tbl_base_mensal[Mes],0)),"") -> 0.023444263 | C8: =IFERROR(INDEX(tbl_base_mensal[Lotes_1a],MATCH(A8,tbl_base_mensal[Mes],0))/INDEX(tbl_base_mensal[Lotes_Decididos],MATCH(A8,tbl_base_mensal[Mes],0)),"") -> 0.8582996 | D8: =IFERROR(INDEX(tbl_base_mensal[Qtd_Afetada],MATCH(A8,tbl_base_mensal[Mes],0))/INDEX(tbl_base_mensal[Expedido],MATCH(A8,tbl_base_mensal[Mes],0))*1000000,"") -> 170.97992 | E8: =IFERROR(INDEX(tbl_base_mensal[Reclamacoes],MATCH(A8,tbl_base_mensal[Mes],0))/INDEX(tbl_base_mensal[Expedido],MATCH(A8,tbl_base_mensal[Mes],0))*1000000,"") -> 5.4526625 | F8: =INDEX(tbl_base_mensal[Reclamacoes_Servico],MATCH(A8,tbl_base_mensal[Mes],0)) -> 8 | G8: =IFERROR(INDEX(tbl_base_mensal[Dias_Resolucao_Soma],MATCH(A8,tbl_base_mensal[Mes],0))/INDEX(tbl_base_mensal[Reclamacoes_Resolvidas],MATCH(A8,tbl_base_mensal[Mes],0)),"") -> 15.888889 | H8: =IFERROR(INDEX(tbl_base_mensal[OEE_Soma],MATCH(A8,tbl_base_mensal[Mes],0))/INDEX(tbl_base_mensal[Ordens],MATCH(A8,tbl_base_mensal[Mes],0)),"") -> 0.76418318 | I8: =IFERROR(INDEX(tbl_base_mensal[Lotes_MP_Aceites],MATCH(A8,tbl_base_mensal[Mes],0))/INDEX(tbl_base_mensal[Lotes_MP],MATCH(A8,tbl_base_mensal[Mes],0)),"") -> 0.93859649 | J8: =IFERROR(INDEX(tbl_base_mensal[Dias_Resposta_SCAR_Soma],MATCH(A8,tbl_base_mensal[Mes],0))/INDEX(tbl_base_mensal[SCAR],MATCH(A8,tbl_base_mensal[Mes],0)),"") -> 6.25 | K8: =IFERROR(INDEX(tbl_base_mensal[CAPA_Fechadas_No_Prazo],MATCH(A8,tbl_base_mensal[Mes],0))/INDEX(tbl_base_mensal[CAPA_Com_Prazo],MATCH(A8,tbl_base_mensal[Mes],0)),"") -> 0.34090909 | L8: =IFERROR(INDEX(tbl_base_mensal[CAPA_Eficazes],MATCH(A8,tbl_base_mensal[Mes],0))/(INDEX(tbl_base_mensal[CAPA_Eficazes],MATCH(A8,tbl_base_mensal[Mes],0))+INDEX(tbl_base_mensal[CAPA_Nao_Eficazes],MATCH(A8,tbl_base_mensal[Mes],0))),"") -> 0.5 | M8: =IFERROR(INDEX(tbl_base_mensal[Lotes_Concessao],MATCH(A8,tbl_base_mensal[Mes],0))/INDEX(tbl_base_mensal[Lotes_Decididos],MATCH(A8,tbl_base_mensal[Mes],0)),"") -> 0.030364372 | N8: =IFERROR(INDEX(tbl_base_mensal[Subgrupos_Cpk_1],MATCH(A8,tbl_base_mensal[Mes],0))/INDEX(tbl_base_mensal[Subgrupos_SPC],MATCH(A8,tbl_base_mensal[Mes],0)),"") -> 0.46595666 | O8: =IFERROR(INDEX(tbl_base_mensal[Linhas_OTIF],MATCH(A8,tbl_base_mensal[Mes],0))/INDEX(tbl_base_mensal[Linhas_Expedidas],MATCH(A8,tbl_base_mensal[Mes],0)),"") -> 0.96130346
A9: 2025-11 | B9: =IFERROR(INDEX(tbl_base_mensal[Rejeitado],MATCH(A9,tbl_base_mensal[Mes],0))/INDEX(tbl_base_mensal[Produzido],MATCH(A9,tbl_base_mensal[Mes],0)),"") -> 0.024128627 | C9: =IFERROR(INDEX(tbl_base_mensal[Lotes_1a],MATCH(A9,tbl_base_mensal[Mes],0))/INDEX(tbl_base_mensal[Lotes_Decididos],MATCH(A9,tbl_base_mensal[Mes],0)),"") -> 0.84738041 | D9: =IFERROR(INDEX(tbl_base_mensal[Qtd_Afetada],MATCH(A9,tbl_base_mensal[Mes],0))/INDEX(tbl_base_mensal[Expedido],MATCH(A9,tbl_base_mensal[Mes],0))*1000000,"") -> 137.48173 | E9: =IFERROR(INDEX(tbl_base_mensal[Reclamacoes],MATCH(A9,tbl_base_mensal[Mes],0))/INDEX(tbl_base_mensal[Expedido],MATCH(A9,tbl_base_mensal[Mes],0))*1000000,"") -> 4.1285805 | F9: =INDEX(tbl_base_mensal[Reclamacoes_Servico],MATCH(A9,tbl_base_mensal[Mes],0)) -> 7 | G9: =IFERROR(INDEX(tbl_base_mensal[Dias_Resolucao_Soma],MATCH(A9,tbl_base_mensal[Mes],0))/INDEX(tbl_base_mensal[Reclamacoes_Resolvidas],MATCH(A9,tbl_base_mensal[Mes],0)),"") -> 19.583333 | H9: =IFERROR(INDEX(tbl_base_mensal[OEE_Soma],MATCH(A9,tbl_base_mensal[Mes],0))/INDEX(tbl_base_mensal[Ordens],MATCH(A9,tbl_base_mensal[Mes],0)),"") -> 0.76181721 | I9: =IFERROR(INDEX(tbl_base_mensal[Lotes_MP_Aceites],MATCH(A9,tbl_base_mensal[Mes],0))/INDEX(tbl_base_mensal[Lotes_MP],MATCH(A9,tbl_base_mensal[Mes],0)),"") -> 0.90196078 | J9: =IFERROR(INDEX(tbl_base_mensal[Dias_Resposta_SCAR_Soma],MATCH(A9,tbl_base_mensal[Mes],0))/INDEX(tbl_base_mensal[SCAR],MATCH(A9,tbl_base_mensal[Mes],0)),"") -> 6.5 | K9: =IFERROR(INDEX(tbl_base_mensal[CAPA_Fechadas_No_Prazo],MATCH(A9,tbl_base_mensal[Mes],0))/INDEX(tbl_base_mensal[CAPA_Com_Prazo],MATCH(A9,tbl_base_mensal[Mes],0)),"") -> 0.53333333 | L9: =IFERROR(INDEX(tbl_base_mensal[CAPA_Eficazes],MATCH(A9,tbl_base_mensal[Mes],0))/(INDEX(tbl_base_mensal[CAPA_Eficazes],MATCH(A9,tbl_base_mensal[Mes],0))+INDEX(tbl_base_mensal[CAPA_Nao_Eficazes],MATCH(A9,tbl_base_mensal[Mes],0))),"") -> 0.55 | M9: =IFERROR(INDEX(tbl_base_mensal[Lotes_Concessao],MATCH(A9,tbl_base_mensal[Mes],0))/INDEX(tbl_base_mensal[Lotes_Decididos],MATCH(A9,tbl_base_mensal[Mes],0)),"") -> 0.013667426 | N9: =IFERROR(INDEX(tbl_base_mensal[Subgrupos_Cpk_1],MATCH(A9,tbl_base_mensal[Mes],0))/INDEX(tbl_base_mensal[Subgrupos_SPC],MATCH(A9,tbl_base_mensal[Mes],0)),"") -> 0.46794301 | O9: =IFERROR(INDEX(tbl_base_mensal[Linhas_OTIF],MATCH(A9,tbl_base_mensal[Mes],0))/INDEX(tbl_base_mensal[Linhas_Expedidas],MATCH(A9,tbl_base_mensal[Mes],0)),"") -> 0.95384615
A10: 2025-12 | B10: =IFERROR(INDEX(tbl_base_mensal[Rejeitado],MATCH(A10,tbl_base_mensal[Mes],0))/INDEX(tbl_base_mensal[Produzido],MATCH(A10,tbl_base_mensal[Mes],0)),"") -> 0.023353772 | C10: =IFERROR(INDEX(tbl_base_mensal[Lotes_1a],MATCH(A10,tbl_base_mensal[Mes],0))/INDEX(tbl_base_mensal[Lotes_Decididos],MATCH(A10,tbl_base_mensal[Mes],0)),"") -> 0.88914027 | D10: =IFERROR(INDEX(tbl_base_mensal[Qtd_Afetada],MATCH(A10,tbl_base_mensal[Mes],0))/INDEX(tbl_base_mensal[Expedido],MATCH(A10,tbl_base_mensal[Mes],0))*1000000,"") -> 473.74918 | E10: =IFERROR(INDEX(tbl_base_mensal[Reclamacoes],MATCH(A10,tbl_base_mensal[Mes],0))/INDEX(tbl_base_mensal[Expedido],MATCH(A10,tbl_base_mensal[Mes],0))*1000000,"") -> 9.1258217 | F10: =INDEX(tbl_base_mensal[Reclamacoes_Servico],MATCH(A10,tbl_base_mensal[Mes],0)) -> 11 | G10: =IFERROR(INDEX(tbl_base_mensal[Dias_Resolucao_Soma],MATCH(A10,tbl_base_mensal[Mes],0))/INDEX(tbl_base_mensal[Reclamacoes_Resolvidas],MATCH(A10,tbl_base_mensal[Mes],0)),"") -> 14.166667 | H10: =IFERROR(INDEX(tbl_base_mensal[OEE_Soma],MATCH(A10,tbl_base_mensal[Mes],0))/INDEX(tbl_base_mensal[Ordens],MATCH(A10,tbl_base_mensal[Mes],0)),"") -> 0.75661135 | I10: =IFERROR(INDEX(tbl_base_mensal[Lotes_MP_Aceites],MATCH(A10,tbl_base_mensal[Mes],0))/INDEX(tbl_base_mensal[Lotes_MP],MATCH(A10,tbl_base_mensal[Mes],0)),"") -> 0.86206897 | J10: =IFERROR(INDEX(tbl_base_mensal[Dias_Resposta_SCAR_Soma],MATCH(A10,tbl_base_mensal[Mes],0))/INDEX(tbl_base_mensal[SCAR],MATCH(A10,tbl_base_mensal[Mes],0)),"") -> 6.7142857 | K10: =IFERROR(INDEX(tbl_base_mensal[CAPA_Fechadas_No_Prazo],MATCH(A10,tbl_base_mensal[Mes],0))/INDEX(tbl_base_mensal[CAPA_Com_Prazo],MATCH(A10,tbl_base_mensal[Mes],0)),"") -> 0.55357143 | L10: =IFERROR(INDEX(tbl_base_mensal[CAPA_Eficazes],MATCH(A10,tbl_base_mensal[Mes],0))/(INDEX(tbl_base_mensal[CAPA_Eficazes],MATCH(A10,tbl_base_mensal[Mes],0))+INDEX(tbl_base_mensal[CAPA_Nao_Eficazes],MATCH(A10,tbl_base_mensal[Mes],0))),"") -> 0.625 | M10: =IFERROR(INDEX(tbl_base_mensal[Lotes_Concessao],MATCH(A10,tbl_base_mensal[Mes],0))/INDEX(tbl_base_mensal[Lotes_Decididos],MATCH(A10,tbl_base_mensal[Mes],0)),"") -> 0.011312217 | N10: =IFERROR(INDEX(tbl_base_mensal[Subgrupos_Cpk_1],MATCH(A10,tbl_base_mensal[Mes],0))/INDEX(tbl_base_mensal[Subgrupos_SPC],MATCH(A10,tbl_base_mensal[Mes],0)),"") -> 0.46388137 | O10: =IFERROR(INDEX(tbl_base_mensal[Linhas_OTIF],MATCH(A10,tbl_base_mensal[Mes],0))/INDEX(tbl_base_mensal[Linhas_Expedidas],MATCH(A10,tbl_base_mensal[Mes],0)),"") -> 0.95338983
A11: 2026-01 | B11: =IFERROR(INDEX(tbl_base_mensal[Rejeitado],MATCH(A11,tbl_base_mensal[Mes],0))/INDEX(tbl_base_mensal[Produzido],MATCH(A11,tbl_base_mensal[Mes],0)),"") -> 0.023485735 | C11: =IFERROR(INDEX(tbl_base_mensal[Lotes_1a],MATCH(A11,tbl_base_mensal[Mes],0))/INDEX(tbl_base_mensal[Lotes_Decididos],MATCH(A11,tbl_base_mensal[Mes],0)),"") -> 0.86384977 | D11: =IFERROR(INDEX(tbl_base_mensal[Qtd_Afetada],MATCH(A11,tbl_base_mensal[Mes],0))/INDEX(tbl_base_mensal[Expedido],MATCH(A11,tbl_base_mensal[Mes],0))*1000000,"") -> 261.48733 | E11: =IFERROR(INDEX(tbl_base_mensal[Reclamacoes],MATCH(A11,tbl_base_mensal[Mes],0))/INDEX(tbl_base_mensal[Expedido],MATCH(A11,tbl_base_mensal[Mes],0))*1000000,"") -> 2.9421922 | F11: =INDEX(tbl_base_mensal[Reclamacoes_Servico],MATCH(A11,tbl_base_mensal[Mes],0)) -> 4 | G11: =IFERROR(INDEX(tbl_base_mensal[Dias_Resolucao_Soma],MATCH(A11,tbl_base_mensal[Mes],0))/INDEX(tbl_base_mensal[Reclamacoes_Resolvidas],MATCH(A11,tbl_base_mensal[Mes],0)),"") -> 19.181818 | H11: =IFERROR(INDEX(tbl_base_mensal[OEE_Soma],MATCH(A11,tbl_base_mensal[Mes],0))/INDEX(tbl_base_mensal[Ordens],MATCH(A11,tbl_base_mensal[Mes],0)),"") -> 0.7661064 | I11: =IFERROR(INDEX(tbl_base_mensal[Lotes_MP_Aceites],MATCH(A11,tbl_base_mensal[Mes],0))/INDEX(tbl_base_mensal[Lotes_MP],MATCH(A11,tbl_base_mensal[Mes],0)),"") -> 0.87378641 | J11: =IFERROR(INDEX(tbl_base_mensal[Dias_Resposta_SCAR_Soma],MATCH(A11,tbl_base_mensal[Mes],0))/INDEX(tbl_base_mensal[SCAR],MATCH(A11,tbl_base_mensal[Mes],0)),"") -> 5.5 | K11: =IFERROR(INDEX(tbl_base_mensal[CAPA_Fechadas_No_Prazo],MATCH(A11,tbl_base_mensal[Mes],0))/INDEX(tbl_base_mensal[CAPA_Com_Prazo],MATCH(A11,tbl_base_mensal[Mes],0)),"") -> 0.53846154 | L11: =IFERROR(INDEX(tbl_base_mensal[CAPA_Eficazes],MATCH(A11,tbl_base_mensal[Mes],0))/(INDEX(tbl_base_mensal[CAPA_Eficazes],MATCH(A11,tbl_base_mensal[Mes],0))+INDEX(tbl_base_mensal[CAPA_Nao_Eficazes],MATCH(A11,tbl_base_mensal[Mes],0))),"") -> 0.46666667 | M11: =IFERROR(INDEX(tbl_base_mensal[Lotes_Concessao],MATCH(A11,tbl_base_mensal[Mes],0))/INDEX(tbl_base_mensal[Lotes_Decididos],MATCH(A11,tbl_base_mensal[Mes],0)),"") -> 0.014084507 | N11: =IFERROR(INDEX(tbl_base_mensal[Subgrupos_Cpk_1],MATCH(A11,tbl_base_mensal[Mes],0))/INDEX(tbl_base_mensal[Subgrupos_SPC],MATCH(A11,tbl_base_mensal[Mes],0)),"") -> 0.47772384 | O11: =IFERROR(INDEX(tbl_base_mensal[Linhas_OTIF],MATCH(A11,tbl_base_mensal[Mes],0))/INDEX(tbl_base_mensal[Linhas_Expedidas],MATCH(A11,tbl_base_mensal[Mes],0)),"") -> 0.96875
A12: 2026-02 | B12: =IFERROR(INDEX(tbl_base_mensal[Rejeitado],MATCH(A12,tbl_base_mensal[Mes],0))/INDEX(tbl_base_mensal[Produzido],MATCH(A12,tbl_base_mensal[Mes],0)),"") -> 0.022918925 | C12: =IFERROR(INDEX(tbl_base_mensal[Lotes_1a],MATCH(A12,tbl_base_mensal[Mes],0))/INDEX(tbl_base_mensal[Lotes_Decididos],MATCH(A12,tbl_base_mensal[Mes],0)),"") -> 0.84832905 | D12: =IFERROR(INDEX(tbl_base_mensal[Qtd_Afetada],MATCH(A12,tbl_base_mensal[Mes],0))/INDEX(tbl_base_mensal[Expedido],MATCH(A12,tbl_base_mensal[Mes],0))*1000000,"") -> 224.50645 | E12: =IFERROR(INDEX(tbl_base_mensal[Reclamacoes],MATCH(A12,tbl_base_mensal[Mes],0))/INDEX(tbl_base_mensal[Expedido],MATCH(A12,tbl_base_mensal[Mes],0))*1000000,"") -> 4.098495 | F12: =INDEX(tbl_base_mensal[Reclamacoes_Servico],MATCH(A12,tbl_base_mensal[Mes],0)) -> 5 | G12: =IFERROR(INDEX(tbl_base_mensal[Dias_Resolucao_Soma],MATCH(A12,tbl_base_mensal[Mes],0))/INDEX(tbl_base_mensal[Reclamacoes_Resolvidas],MATCH(A12,tbl_base_mensal[Mes],0)),"") -> 19.666667 | H12: =IFERROR(INDEX(tbl_base_mensal[OEE_Soma],MATCH(A12,tbl_base_mensal[Mes],0))/INDEX(tbl_base_mensal[Ordens],MATCH(A12,tbl_base_mensal[Mes],0)),"") -> 0.76925546 | I12: =IFERROR(INDEX(tbl_base_mensal[Lotes_MP_Aceites],MATCH(A12,tbl_base_mensal[Mes],0))/INDEX(tbl_base_mensal[Lotes_MP],MATCH(A12,tbl_base_mensal[Mes],0)),"") -> 0.91304348 | J12: =IFERROR(INDEX(tbl_base_mensal[Dias_Resposta_SCAR_Soma],MATCH(A12,tbl_base_mensal[Mes],0))/INDEX(tbl_base_mensal[SCAR],MATCH(A12,tbl_base_mensal[Mes],0)),"") -> 3.5 | K12: =IFERROR(INDEX(tbl_base_mensal[CAPA_Fechadas_No_Prazo],MATCH(A12,tbl_base_mensal[Mes],0))/INDEX(tbl_base_mensal[CAPA_Com_Prazo],MATCH(A12,tbl_base_mensal[Mes],0)),"") -> 0.43333333 | L12: =IFERROR(INDEX(tbl_base_mensal[CAPA_Eficazes],MATCH(A12,tbl_base_mensal[Mes],0))/(INDEX(tbl_base_mensal[CAPA_Eficazes],MATCH(A12,tbl_base_mensal[Mes],0))+INDEX(tbl_base_mensal[CAPA_Nao_Eficazes],MATCH(A12,tbl_base_mensal[Mes],0))),"") -> 0.40909091 | M12: =IFERROR(INDEX(tbl_base_mensal[Lotes_Concessao],MATCH(A12,tbl_base_mensal[Mes],0))/INDEX(tbl_base_mensal[Lotes_Decididos],MATCH(A12,tbl_base_mensal[Mes],0)),"") -> 0.01285347 | N12: =IFERROR(INDEX(tbl_base_mensal[Subgrupos_Cpk_1],MATCH(A12,tbl_base_mensal[Mes],0))/INDEX(tbl_base_mensal[Subgrupos_SPC],MATCH(A12,tbl_base_mensal[Mes],0)),"") -> 0.45824266 | O12: =IFERROR(INDEX(tbl_base_mensal[Linhas_OTIF],MATCH(A12,tbl_base_mensal[Mes],0))/INDEX(tbl_base_mensal[Linhas_Expedidas],MATCH(A12,tbl_base_mensal[Mes],0)),"") -> 0.95717884
A13: 2026-03 | B13: =IFERROR(INDEX(tbl_base_mensal[Rejeitado],MATCH(A13,tbl_base_mensal[Mes],0))/INDEX(tbl_base_mensal[Produzido],MATCH(A13,tbl_base_mensal[Mes],0)),"") -> 0.025059499 | C13: =IFERROR(INDEX(tbl_base_mensal[Lotes_1a],MATCH(A13,tbl_base_mensal[Mes],0))/INDEX(tbl_base_mensal[Lotes_Decididos],MATCH(A13,tbl_base_mensal[Mes],0)),"") -> 0.85421412 | D13: =IFERROR(INDEX(tbl_base_mensal[Qtd_Afetada],MATCH(A13,tbl_base_mensal[Mes],0))/INDEX(tbl_base_mensal[Expedido],MATCH(A13,tbl_base_mensal[Mes],0))*1000000,"") -> 296.13366 | E13: =IFERROR(INDEX(tbl_base_mensal[Reclamacoes],MATCH(A13,tbl_base_mensal[Mes],0))/INDEX(tbl_base_mensal[Expedido],MATCH(A13,tbl_base_mensal[Mes],0))*1000000,"") -> 4.4265122 | F13: =INDEX(tbl_base_mensal[Reclamacoes_Servico],MATCH(A13,tbl_base_mensal[Mes],0)) -> 4 | G13: =IFERROR(INDEX(tbl_base_mensal[Dias_Resolucao_Soma],MATCH(A13,tbl_base_mensal[Mes],0))/INDEX(tbl_base_mensal[Reclamacoes_Resolvidas],MATCH(A13,tbl_base_mensal[Mes],0)),"") -> 18.833333 | H13: =IFERROR(INDEX(tbl_base_mensal[OEE_Soma],MATCH(A13,tbl_base_mensal[Mes],0))/INDEX(tbl_base_mensal[Ordens],MATCH(A13,tbl_base_mensal[Mes],0)),"") -> 0.7651686 | I13: =IFERROR(INDEX(tbl_base_mensal[Lotes_MP_Aceites],MATCH(A13,tbl_base_mensal[Mes],0))/INDEX(tbl_base_mensal[Lotes_MP],MATCH(A13,tbl_base_mensal[Mes],0)),"") -> 0.85858586 | J13: =IFERROR(INDEX(tbl_base_mensal[Dias_Resposta_SCAR_Soma],MATCH(A13,tbl_base_mensal[Mes],0))/INDEX(tbl_base_mensal[SCAR],MATCH(A13,tbl_base_mensal[Mes],0)),"") -> 6.7142857 | K13: =IFERROR(INDEX(tbl_base_mensal[CAPA_Fechadas_No_Prazo],MATCH(A13,tbl_base_mensal[Mes],0))/INDEX(tbl_base_mensal[CAPA_Com_Prazo],MATCH(A13,tbl_base_mensal[Mes],0)),"") -> 0.62162162 | L13: =IFERROR(INDEX(tbl_base_mensal[CAPA_Eficazes],MATCH(A13,tbl_base_mensal[Mes],0))/(INDEX(tbl_base_mensal[CAPA_Eficazes],MATCH(A13,tbl_base_mensal[Mes],0))+INDEX(tbl_base_mensal[CAPA_Nao_Eficazes],MATCH(A13,tbl_base_mensal[Mes],0))),"") -> 0.56521739 | M13: =IFERROR(INDEX(tbl_base_mensal[Lotes_Concessao],MATCH(A13,tbl_base_mensal[Mes],0))/INDEX(tbl_base_mensal[Lotes_Decididos],MATCH(A13,tbl_base_mensal[Mes],0)),"") -> 0.018223235 | N13: =IFERROR(INDEX(tbl_base_mensal[Subgrupos_Cpk_1],MATCH(A13,tbl_base_mensal[Mes],0))/INDEX(tbl_base_mensal[Subgrupos_SPC],MATCH(A13,tbl_base_mensal[Mes],0)),"") -> 0.46450863 | O13: =IFERROR(INDEX(tbl_base_mensal[Linhas_OTIF],MATCH(A13,tbl_base_mensal[Mes],0))/INDEX(tbl_base_mensal[Linhas_Expedidas],MATCH(A13,tbl_base_mensal[Mes],0)),"") -> 0.95348837
A14: 2026-04 | B14: =IFERROR(INDEX(tbl_base_mensal[Rejeitado],MATCH(A14,tbl_base_mensal[Mes],0))/INDEX(tbl_base_mensal[Produzido],MATCH(A14,tbl_base_mensal[Mes],0)),"") -> 0.024720994 | C14: =IFERROR(INDEX(tbl_base_mensal[Lotes_1a],MATCH(A14,tbl_base_mensal[Mes],0))/INDEX(tbl_base_mensal[Lotes_Decididos],MATCH(A14,tbl_base_mensal[Mes],0)),"") -> 0.88636364 | D14: =IFERROR(INDEX(tbl_base_mensal[Qtd_Afetada],MATCH(A14,tbl_base_mensal[Mes],0))/INDEX(tbl_base_mensal[Expedido],MATCH(A14,tbl_base_mensal[Mes],0))*1000000,"") -> 255.28541 | E14: =IFERROR(INDEX(tbl_base_mensal[Reclamacoes],MATCH(A14,tbl_base_mensal[Mes],0))/INDEX(tbl_base_mensal[Expedido],MATCH(A14,tbl_base_mensal[Mes],0))*1000000,"") -> 5.7844126 | F14: =INDEX(tbl_base_mensal[Reclamacoes_Servico],MATCH(A14,tbl_base_mensal[Mes],0)) -> 6 | G14: =IFERROR(INDEX(tbl_base_mensal[Dias_Resolucao_Soma],MATCH(A14,tbl_base_mensal[Mes],0))/INDEX(tbl_base_mensal[Reclamacoes_Resolvidas],MATCH(A14,tbl_base_mensal[Mes],0)),"") -> 13 | H14: =IFERROR(INDEX(tbl_base_mensal[OEE_Soma],MATCH(A14,tbl_base_mensal[Mes],0))/INDEX(tbl_base_mensal[Ordens],MATCH(A14,tbl_base_mensal[Mes],0)),"") -> 0.7460461 | I14: =IFERROR(INDEX(tbl_base_mensal[Lotes_MP_Aceites],MATCH(A14,tbl_base_mensal[Mes],0))/INDEX(tbl_base_mensal[Lotes_MP],MATCH(A14,tbl_base_mensal[Mes],0)),"") -> 0.92307692 | J14: =IFERROR(INDEX(tbl_base_mensal[Dias_Resposta_SCAR_Soma],MATCH(A14,tbl_base_mensal[Mes],0))/INDEX(tbl_base_mensal[SCAR],MATCH(A14,tbl_base_mensal[Mes],0)),"") -> 5.6 | K14: =IFERROR(INDEX(tbl_base_mensal[CAPA_Fechadas_No_Prazo],MATCH(A14,tbl_base_mensal[Mes],0))/INDEX(tbl_base_mensal[CAPA_Com_Prazo],MATCH(A14,tbl_base_mensal[Mes],0)),"") -> 0.42857143 | L14: =IFERROR(INDEX(tbl_base_mensal[CAPA_Eficazes],MATCH(A14,tbl_base_mensal[Mes],0))/(INDEX(tbl_base_mensal[CAPA_Eficazes],MATCH(A14,tbl_base_mensal[Mes],0))+INDEX(tbl_base_mensal[CAPA_Nao_Eficazes],MATCH(A14,tbl_base_mensal[Mes],0))),"") -> 0.73913043 | M14: =IFERROR(INDEX(tbl_base_mensal[Lotes_Concessao],MATCH(A14,tbl_base_mensal[Mes],0))/INDEX(tbl_base_mensal[Lotes_Decididos],MATCH(A14,tbl_base_mensal[Mes],0)),"") -> 0.013636364 | N14: =IFERROR(INDEX(tbl_base_mensal[Subgrupos_Cpk_1],MATCH(A14,tbl_base_mensal[Mes],0))/INDEX(tbl_base_mensal[Subgrupos_SPC],MATCH(A14,tbl_base_mensal[Mes],0)),"") -> 0.46743933 | O14: =IFERROR(INDEX(tbl_base_mensal[Linhas_OTIF],MATCH(A14,tbl_base_mensal[Mes],0))/INDEX(tbl_base_mensal[Linhas_Expedidas],MATCH(A14,tbl_base_mensal[Mes],0)),"") -> 0.95196507
A15: 2026-05 | B15: =IFERROR(INDEX(tbl_base_mensal[Rejeitado],MATCH(A15,tbl_base_mensal[Mes],0))/INDEX(tbl_base_mensal[Produzido],MATCH(A15,tbl_base_mensal[Mes],0)),"") -> 0.024480867 | C15: =IFERROR(INDEX(tbl_base_mensal[Lotes_1a],MATCH(A15,tbl_base_mensal[Mes],0))/INDEX(tbl_base_mensal[Lotes_Decididos],MATCH(A15,tbl_base_mensal[Mes],0)),"") -> 0.84580499 | D15: =IFERROR(INDEX(tbl_base_mensal[Qtd_Afetada],MATCH(A15,tbl_base_mensal[Mes],0))/INDEX(tbl_base_mensal[Expedido],MATCH(A15,tbl_base_mensal[Mes],0))*1000000,"") -> 313.82656 | E15: =IFERROR(INDEX(tbl_base_mensal[Reclamacoes],MATCH(A15,tbl_base_mensal[Mes],0))/INDEX(tbl_base_mensal[Expedido],MATCH(A15,tbl_base_mensal[Mes],0))*1000000,"") -> 6.1055752 | F15: =INDEX(tbl_base_mensal[Reclamacoes_Servico],MATCH(A15,tbl_base_mensal[Mes],0)) -> 12 | G15: =IFERROR(INDEX(tbl_base_mensal[Dias_Resolucao_Soma],MATCH(A15,tbl_base_mensal[Mes],0))/INDEX(tbl_base_mensal[Reclamacoes_Resolvidas],MATCH(A15,tbl_base_mensal[Mes],0)),"") -> 20.666667 | H15: =IFERROR(INDEX(tbl_base_mensal[OEE_Soma],MATCH(A15,tbl_base_mensal[Mes],0))/INDEX(tbl_base_mensal[Ordens],MATCH(A15,tbl_base_mensal[Mes],0)),"") -> 0.76342271 | I15: =IFERROR(INDEX(tbl_base_mensal[Lotes_MP_Aceites],MATCH(A15,tbl_base_mensal[Mes],0))/INDEX(tbl_base_mensal[Lotes_MP],MATCH(A15,tbl_base_mensal[Mes],0)),"") -> 0.875 | J15: =IFERROR(INDEX(tbl_base_mensal[Dias_Resposta_SCAR_Soma],MATCH(A15,tbl_base_mensal[Mes],0))/INDEX(tbl_base_mensal[SCAR],MATCH(A15,tbl_base_mensal[Mes],0)),"") -> 5 | K15: =IFERROR(INDEX(tbl_base_mensal[CAPA_Fechadas_No_Prazo],MATCH(A15,tbl_base_mensal[Mes],0))/INDEX(tbl_base_mensal[CAPA_Com_Prazo],MATCH(A15,tbl_base_mensal[Mes],0)),"") -> 0.58139535 | L15: =IFERROR(INDEX(tbl_base_mensal[CAPA_Eficazes],MATCH(A15,tbl_base_mensal[Mes],0))/(INDEX(tbl_base_mensal[CAPA_Eficazes],MATCH(A15,tbl_base_mensal[Mes],0))+INDEX(tbl_base_mensal[CAPA_Nao_Eficazes],MATCH(A15,tbl_base_mensal[Mes],0))),"") -> 0.6 | M15: =IFERROR(INDEX(tbl_base_mensal[Lotes_Concessao],MATCH(A15,tbl_base_mensal[Mes],0))/INDEX(tbl_base_mensal[Lotes_Decididos],MATCH(A15,tbl_base_mensal[Mes],0)),"") -> 0.0068027211 | N15: =IFERROR(INDEX(tbl_base_mensal[Subgrupos_Cpk_1],MATCH(A15,tbl_base_mensal[Mes],0))/INDEX(tbl_base_mensal[Subgrupos_SPC],MATCH(A15,tbl_base_mensal[Mes],0)),"") -> 0.46055239 | O15: =IFERROR(INDEX(tbl_base_mensal[Linhas_OTIF],MATCH(A15,tbl_base_mensal[Mes],0))/INDEX(tbl_base_mensal[Linhas_Expedidas],MATCH(A15,tbl_base_mensal[Mes],0)),"") -> 0.95154185
A16: 2026-06 | B16: =IFERROR(INDEX(tbl_base_mensal[Rejeitado],MATCH(A16,tbl_base_mensal[Mes],0))/INDEX(tbl_base_mensal[Produzido],MATCH(A16,tbl_base_mensal[Mes],0)),"") -> 0.023053965 | C16: =IFERROR(INDEX(tbl_base_mensal[Lotes_1a],MATCH(A16,tbl_base_mensal[Mes],0))/INDEX(tbl_base_mensal[Lotes_Decididos],MATCH(A16,tbl_base_mensal[Mes],0)),"") -> 0.8627907 | D16: =IFERROR(INDEX(tbl_base_mensal[Qtd_Afetada],MATCH(A16,tbl_base_mensal[Mes],0))/INDEX(tbl_base_mensal[Expedido],MATCH(A16,tbl_base_mensal[Mes],0))*1000000,"") -> 165.63348 | E16: =IFERROR(INDEX(tbl_base_mensal[Reclamacoes],MATCH(A16,tbl_base_mensal[Mes],0))/INDEX(tbl_base_mensal[Expedido],MATCH(A16,tbl_base_mensal[Mes],0))*1000000,"") -> 4.0398409 | F16: =INDEX(tbl_base_mensal[Reclamacoes_Servico],MATCH(A16,tbl_base_mensal[Mes],0)) -> 4 | G16: =IFERROR(INDEX(tbl_base_mensal[Dias_Resolucao_Soma],MATCH(A16,tbl_base_mensal[Mes],0))/INDEX(tbl_base_mensal[Reclamacoes_Resolvidas],MATCH(A16,tbl_base_mensal[Mes],0)),"") -> 24.8 | H16: =IFERROR(INDEX(tbl_base_mensal[OEE_Soma],MATCH(A16,tbl_base_mensal[Mes],0))/INDEX(tbl_base_mensal[Ordens],MATCH(A16,tbl_base_mensal[Mes],0)),"") -> 0.75898505 | I16: =IFERROR(INDEX(tbl_base_mensal[Lotes_MP_Aceites],MATCH(A16,tbl_base_mensal[Mes],0))/INDEX(tbl_base_mensal[Lotes_MP],MATCH(A16,tbl_base_mensal[Mes],0)),"") -> 0.90196078 | J16: =IFERROR(INDEX(tbl_base_mensal[Dias_Resposta_SCAR_Soma],MATCH(A16,tbl_base_mensal[Mes],0))/INDEX(tbl_base_mensal[SCAR],MATCH(A16,tbl_base_mensal[Mes],0)),"") -> 7 | K16: =IFERROR(INDEX(tbl_base_mensal[CAPA_Fechadas_No_Prazo],MATCH(A16,tbl_base_mensal[Mes],0))/INDEX(tbl_base_mensal[CAPA_Com_Prazo],MATCH(A16,tbl_base_mensal[Mes],0)),"") -> 0.43243243 | L16: =IFERROR(INDEX(tbl_base_mensal[CAPA_Eficazes],MATCH(A16,tbl_base_mensal[Mes],0))/(INDEX(tbl_base_mensal[CAPA_Eficazes],MATCH(A16,tbl_base_mensal[Mes],0))+INDEX(tbl_base_mensal[CAPA_Nao_Eficazes],MATCH(A16,tbl_base_mensal[Mes],0))),"") -> 0.56521739 | M16: =IFERROR(INDEX(tbl_base_mensal[Lotes_Concessao],MATCH(A16,tbl_base_mensal[Mes],0))/INDEX(tbl_base_mensal[Lotes_Decididos],MATCH(A16,tbl_base_mensal[Mes],0)),"") -> 0.018604651 | N16: =IFERROR(INDEX(tbl_base_mensal[Subgrupos_Cpk_1],MATCH(A16,tbl_base_mensal[Mes],0))/INDEX(tbl_base_mensal[Subgrupos_SPC],MATCH(A16,tbl_base_mensal[Mes],0)),"") -> 0.46297829 | O16: =IFERROR(INDEX(tbl_base_mensal[Linhas_OTIF],MATCH(A16,tbl_base_mensal[Mes],0))/INDEX(tbl_base_mensal[Linhas_Expedidas],MATCH(A16,tbl_base_mensal[Mes],0)),"") -> 0.97772829
... A22: 2026-12 | B22: =IFERROR(INDEX(tbl_base_mensal[Rejeitado],MATCH(A22,tbl_base_mensal[Mes],0))/INDEX(tbl_base_mensal[Produzido],MATCH(A22,tbl_base_mensal[Mes],0)),"") -> 0.022511395 | C22: =IFERROR(INDEX(tbl_base_mensal[Lotes_1a],MATCH(A22,tbl_base_mensal[Mes],0))/INDEX(tbl_base_mensal[Lotes_Decididos],MATCH(A22,tbl_base_mensal[Mes],0)),"") -> 0.85 | D22: =IFERROR(INDEX(tbl_base_mensal[Qtd_Afetada],MATCH(A22,tbl_base_mensal[Mes],0))/INDEX(tbl_base_mensal[Expedido],MATCH(A22,tbl_base_mensal[Mes],0))*1000000,"") -> 221.3013 | E22: =IFERROR(INDEX(tbl_base_mensal[Reclamacoes],MATCH(A22,tbl_base_mensal[Mes],0))/INDEX(tbl_base_mensal[Expedido],MATCH(A22,tbl_base_mensal[Mes],0))*1000000,"") -> 4.2019234 | F22: =INDEX(tbl_base_mensal[Reclamacoes_Servico],MATCH(A22,tbl_base_mensal[Mes],0)) -> 4 | G22: =IFERROR(INDEX(tbl_base_mensal[Dias_Resolucao_Soma],MATCH(A22,tbl_base_mensal[Mes],0))/INDEX(tbl_base_mensal[Reclamacoes_Resolvidas],MATCH(A22,tbl_base_mensal[Mes],0)),"") -> 19.615385 | H22: =IFERROR(INDEX(tbl_base_mensal[OEE_Soma],MATCH(A22,tbl_base_mensal[Mes],0))/INDEX(tbl_base_mensal[Ordens],MATCH(A22,tbl_base_mensal[Mes],0)),"") -> 0.7467272 | I22: =IFERROR(INDEX(tbl_base_mensal[Lotes_MP_Aceites],MATCH(A22,tbl_base_mensal[Mes],0))/INDEX(tbl_base_mensal[Lotes_MP],MATCH(A22,tbl_base_mensal[Mes],0)),"") -> 0.89320388 | J22: =IFERROR(INDEX(tbl_base_mensal[Dias_Resposta_SCAR_Soma],MATCH(A22,tbl_base_mensal[Mes],0))/INDEX(tbl_base_mensal[SCAR],MATCH(A22,tbl_base_mensal[Mes],0)),"") -> 8.75 | K22: =IFERROR(INDEX(tbl_base_mensal[CAPA_Fechadas_No_Prazo],MATCH(A22,tbl_base_mensal[Mes],0))/INDEX(tbl_base_mensal[CAPA_Com_Prazo],MATCH(A22,tbl_base_mensal[Mes],0)),"") -> 0.53571429 | L22: =IFERROR(INDEX(tbl_base_mensal[CAPA_Eficazes],MATCH(A22,tbl_base_mensal[Mes],0))/(INDEX(tbl_base_mensal[CAPA_Eficazes],MATCH(A22,tbl_base_mensal[Mes],0))+INDEX(tbl_base_mensal[CAPA_Nao_Eficazes],MATCH(A22,tbl_base_mensal[Mes],0))),"") -> 0.46428571 | M22: =IFERROR(INDEX(tbl_base_mensal[Lotes_Concessao],MATCH(A22,tbl_base_mensal[Mes],0))/INDEX(tbl_base_mensal[Lotes_Decididos],MATCH(A22,tbl_base_mensal[Mes],0)),"") -> 0.0092592593 | N22: =IFERROR(INDEX(tbl_base_mensal[Subgrupos_Cpk_1],MATCH(A22,tbl_base_mensal[Mes],0))/INDEX(tbl_base_mensal[Subgrupos_SPC],MATCH(A22,tbl_base_mensal[Mes],0)),"") -> 0.44282754 | O22: =IFERROR(INDEX(tbl_base_mensal[Linhas_OTIF],MATCH(A22,tbl_base_mensal[Mes],0))/INDEX(tbl_base_mensal[Linhas_Expedidas],MATCH(A22,tbl_base_mensal[Mes],0)),"") -> 0.96525097

Sheet Catalogo_KPI
A1: ID_KPI | B1: Nome | C1: Formula_Calculo | D1: Unidade | E1: Polaridade | F1: Frequencia | G1: Fonte_Dados | H1: Responsavel | I1: Meta | J1: Baseline | K1: ID_OBJ | L1: ID_MED | M1: Processo | N1: Coluna_Mensal
A2: KPI-Q-01 | B2: Taxa de rejeição interna | C2: Rejeitado ÷ produzido | D2: % | E2: Menor | F2: Mensal | G2: fact_production (RejectedQty, ProducedQty) | H2: Gerente de Produção | I2: 0.02 | J2: =IF(OR(A2="",N2="—"),"",IFERROR(AVERAGE(INDEX(KPI_Mensal!$A$5:$O$16,0,MATCH(N2,KPI_Mensal!$A$4:$O$4,0))),"")) -> 0.023883027 | K2: =IFERROR(INDEX(tbl_objetivos[ID_OBJ],MATCH(A2,tbl_objetivos[ID_KPI],0)),"") -> OBJ-Q-01 | L2: =IFERROR(INDEX(tbl_plano_monitorizacao[ID_MED],MATCH(A2,tbl_plano_monitorizacao[ID_KPI],0)),"") -> PMM-03 | M2: PCP | N2: Taxa_Rejeicao
A3: KPI-Q-02 | B3: Lotes aprovados à primeira (FPY de lote) | C3: Lotes 'Aprovado à primeira' ÷ lotes decididos | D3: % | E3: Maior | F3: Mensal | G3: disposição de lotes (frasco, tampa, decoração) | H3: Gerente da Qualidade | I3: 0.92 | J3: =IF(OR(A3="",N3="—"),"",IFERROR(AVERAGE(INDEX(KPI_Mensal!$A$5:$O$16,0,MATCH(N3,KPI_Mensal!$A$4:$O$4,0))),"")) -> 0.8604492 | K3: =IFERROR(INDEX(tbl_objetivos[ID_OBJ],MATCH(A3,tbl_objetivos[ID_KPI],0)),"") -> OBJ-Q-02 | L3: =IFERROR(INDEX(tbl_plano_monitorizacao[ID_MED],MATCH(A3,tbl_plano_monitorizacao[ID_KPI],0)),"") -> PMM-02 | M3: LAB | N3: FPY_Lotes
A4: KPI-Q-03 | B4: PPM de cliente | C4: Quantidade afetada reclamada ÷ quantidade expedida × 10⁶ | D4: ppm | E4: Menor | F4: Mensal | G4: reclamações (QtyAffected) e vendas (ShippedQty) | H4: Diretor Comercial | I4: 150 | J4: =IF(OR(A4="",N4="—"),"",IFERROR(AVERAGE(INDEX(KPI_Mensal!$A$5:$O$16,0,MATCH(N4,KPI_Mensal!$A$4:$O$4,0))),"")) -> 236.91011 | K4: =IFERROR(INDEX(tbl_objetivos[ID_OBJ],MATCH(A4,tbl_objetivos[ID_KPI],0)),"") | L4: =IFERROR(INDEX(tbl_plano_monitorizacao[ID_MED],MATCH(A4,tbl_plano_monitorizacao[ID_KPI],0)),"") | M4: COM | N4: PPM_Cliente
A5: KPI-Q-04 | B5: Reclamações por milhão de unidades expedidas (CPMU) | C5: N.º de reclamações ÷ unidades expedidas × 10⁶ | D5: rec./milhão | E5: Menor | F5: Mensal | G5: reclamações e vendas | H5: Diretor Comercial | I5: 3 | J5: =IF(OR(A5="",N5="—"),"",IFERROR(AVERAGE(INDEX(KPI_Mensal!$A$5:$O$16,0,MATCH(N5,KPI_Mensal!$A$4:$O$4,0))),"")) -> 4.6664495 | K5: =IFERROR(INDEX(tbl_objetivos[ID_OBJ],MATCH(A5,tbl_objetivos[ID_KPI],0)),"") -> OBJ-Q-03 | L5: =IFERROR(INDEX(tbl_plano_monitorizacao[ID_MED],MATCH(A5,tbl_plano_monitorizacao[ID_KPI],0)),"") -> PMM-08 | M5: COM | N5: CPMU
A6: KPI-Q-05 | B6: Reclamações de serviço / logística | C6: Contagem | D6: n.º | E6: Menor | F6: Mensal | G6: reclamações (atraso, quantidade, produto trocado, rótulo) | H6: Responsável de Armazém e Logística | I6: 5 | J6: =IF(OR(A6="",N6="—"),"",IFERROR(AVERAGE(INDEX(KPI_Mensal!$A$5:$O$16,0,MATCH(N6,KPI_Mensal!$A$4:$O$4,0))),"")) -> 6.25 | K6: =IFERROR(INDEX(tbl_objetivos[ID_OBJ],MATCH(A6,tbl_objetivos[ID_KPI],0)),"") | L6: =IFERROR(INDEX(tbl_plano_monitorizacao[ID_MED],MATCH(A6,tbl_plano_monitorizacao[ID_KPI],0)),"") | M6: EXP | N6: Reclamacoes_Servico
A7: KPI-Q-06 | B7: Tempo médio de resolução de reclamações | C7: Σ dias até resolução ÷ reclamações resolvidas | D7: dias | E7: Menor | F7: Mensal | G7: reclamações resolvidas no mês | H7: Diretor Comercial | I7: 20 | J7: =IF(OR(A7="",N7="—"),"",IFERROR(AVERAGE(INDEX(KPI_Mensal!$A$5:$O$16,0,MATCH(N7,KPI_Mensal!$A$4:$O$4,0))),"")) -> 18.503398 | K7: =IFERROR(INDEX(tbl_objetivos[ID_OBJ],MATCH(A7,tbl_objetivos[ID_KPI],0)),"") | L7: =IFERROR(INDEX(tbl_plano_monitorizacao[ID_MED],MATCH(A7,tbl_plano_monitorizacao[ID_KPI],0)),"") | M7: COM | N7: Dias_Resolucao
A8: KPI-Q-07 | B8: OEE médio | C8: Média do OEE das ordens do mês | D8: % | E8: Maior | F8: Mensal | G8: fact_production (OEE por ordem) | H8: Gerente de Produção | I8: 0.805 | J8: =IF(OR(A8="",N8="—"),"",IFERROR(AVERAGE(INDEX(KPI_Mensal!$A$5:$O$16,0,MATCH(N8,KPI_Mensal!$A$4:$O$4,0))),"")) -> 0.76406084 | K8: =IFERROR(INDEX(tbl_objetivos[ID_OBJ],MATCH(A8,tbl_objetivos[ID_KPI],0)),"") | L8: =IFERROR(INDEX(tbl_plano_monitorizacao[ID_MED],MATCH(A8,tbl_plano_monitorizacao[ID_KPI],0)),"") -> PMM-05 | M8: PCP | N8: OEE
A9: KPI-Q-08 | B9: Lotes de matéria-prima aceites sem derrogação | C9: Lotes 'Accepted' ÷ lotes recebidos | D9: % | E9: Maior | F9: Mensal | G9: disposição de lotes de MP | H9: Responsável de Compras | I9: 0.95 | J9: =IF(OR(A9="",N9="—"),"",IFERROR(AVERAGE(INDEX(KPI_Mensal!$A$5:$O$16,0,MATCH(N9,KPI_Mensal!$A$4:$O$4,0))),"")) -> 0.8954456 | K9: =IFERROR(INDEX(tbl_objetivos[ID_OBJ],MATCH(A9,tbl_objetivos[ID_KPI],0)),"") -> OBJ-Q-07 | L9: =IFERROR(INDEX(tbl_plano_monitorizacao[ID_MED],MATCH(A9,tbl_plano_monitorizacao[ID_KPI],0)),"") -> PMM-06 | M9: CMP | N9: Lotes_MP_Aceites
A10: KPI-Q-09 | B10: Tempo de resposta dos fornecedores a reclamações (SCAR) | C10: Média dos dias até resposta | D10: dias | E10: Menor | F10: Mensal | G10: reclamações a fornecedores | H10: Responsável de Compras | I10: 7 | J10: =IF(OR(A10="",N10="—"),"",IFERROR(AVERAGE(INDEX(KPI_Mensal!$A$5:$O$16,0,MATCH(N10,KPI_Mensal!$A$4:$O$4,0))),"")) -> 5.9294643 | K10: =IFERROR(INDEX(tbl_objetivos[ID_OBJ],MATCH(A10,tbl_objetivos[ID_KPI],0)),"") | L10: =IFERROR(INDEX(tbl_plano_monitorizacao[ID_MED],MATCH(A10,tbl_plano_monitorizacao[ID_KPI],0)),"") | M10: CMP | N10: Dias_Resposta_SCAR
A11: KPI-Q-10 | B11: CAPA fechadas no prazo | C11: CAPA com prazo no mês fechadas até ao prazo ÷ CAPA com prazo no mês | D11: % | E11: Maior | F11: Mensal | G11: CAPA com prazo no mês | H11: Gerente da Qualidade | I11: 0.85 | J11: =IF(OR(A11="",N11="—"),"",IFERROR(AVERAGE(INDEX(KPI_Mensal!$A$5:$O$16,0,MATCH(N11,KPI_Mensal!$A$4:$O$4,0))),"")) -> 0.48246972 | K11: =IFERROR(INDEX(tbl_objetivos[ID_OBJ],MATCH(A11,tbl_objetivos[ID_KPI],0)),"") -> OBJ-Q-05 | L11: =IFERROR(INDEX(tbl_plano_monitorizacao[ID_MED],MATCH(A11,tbl_plano_monitorizacao[ID_KPI],0)),"") | M11: QUA | N11: CAPA_No_Prazo
A12: KPI-Q-11 | B12: Eficácia das CAPA | C12: Eficazes ÷ (eficazes + não eficazes) | D12: % | E12: Maior | F12: Mensal | G12: CAPA fechadas no mês com eficácia avaliada | H12: Gerente da Qualidade | I12: 0.8 | J12: =IF(OR(A12="",N12="—"),"",IFERROR(AVERAGE(INDEX(KPI_Mensal!$A$5:$O$16,0,MATCH(N12,KPI_Mensal!$A$4:$O$4,0))),"")) -> 0.54713007 | K12: =IFERROR(INDEX(tbl_objetivos[ID_OBJ],MATCH(A12,tbl_objetivos[ID_KPI],0)),"") | L12: =IFERROR(INDEX(tbl_plano_monitorizacao[ID_MED],MATCH(A12,tbl_plano_monitorizacao[ID_KPI],0)),"") -> PMM-10 | M12: QUA | N12: CAPA_Eficacia
A13: KPI-Q-12 | B13: Lotes libertados por concessão | C13: Lotes 'Aprovado por concessão' ÷ lotes decididos | D13: % | E13: Menor | F13: Mensal | G13: disposição de lotes | H13: Gerente da Qualidade | I13: 0.01 | J13: =IF(OR(A13="",N13="—"),"",IFERROR(AVERAGE(INDEX(KPI_Mensal!$A$5:$O$16,0,MATCH(N13,KPI_Mensal!$A$4:$O$4,0))),"")) -> 0.016581069 | K13: =IFERROR(INDEX(tbl_objetivos[ID_OBJ],MATCH(A13,tbl_objetivos[ID_KPI],0)),"") | L13: =IFERROR(INDEX(tbl_plano_monitorizacao[ID_MED],MATCH(A13,tbl_plano_monitorizacao[ID_KPI],0)),"") | M13: LAB | N13: Taxa_Concessao
... A21: KPI-Q-20 | B21: Entregas completas e no prazo (OTIF) | C21: Linhas entregues completas e na data ÷ linhas | D21: % | E21: Maior | F21: Mensal | G21: ERP (simulado — o dataset não tem datas prometidas) | H21: Responsável de Armazém e Logística | I21: 0.97 | J21: =IF(OR(A21="",N21="—"),"",IFERROR(AVERAGE(INDEX(KPI_Mensal!$A$5:$O$16,0,MATCH(N21,KPI_Mensal!$A$4:$O$4,0))),"")) -> 0.9604858 | K21: =IFERROR(INDEX(tbl_objetivos[ID_OBJ],MATCH(A21,tbl_objetivos[ID_KPI],0)),"") -> OBJ-Q-08 | L21: =IFERROR(INDEX(tbl_plano_monitorizacao[ID_MED],MATCH(A21,tbl_plano_monitorizacao[ID_KPI],0)),"") | M21: EXP | N21: OTIF

Sheet Painel_KPI
A1: PAINEL DE KPI DA QUALIDADE — calculado
A2: Último mês = 2026-12 · Estado: verde cumpre a meta; vermelho não cumpre · Tendência = declive dos últimos 6 meses (por mês)
A4: ID_KPI | B4: KPI | C4: Meta | D4: Último mês | E4: Média 12 meses | F4: Tendência 6 m | G4: Polaridade | H4: Estado | I4: A melhorar?
A5: KPI-Q-01 | B5: Taxa de rejeição interna | C5: =INDEX(tbl_kpi[Meta],MATCH(A5,tbl_kpi[ID_KPI],0)) -> 0.02 | D5: =INDEX(tbl_kpi_mensal[Taxa_Rejeicao],18) -> 0.022511395 | E5: =AVERAGE(INDEX(tbl_kpi_mensal[Taxa_Rejeicao],7):INDEX(tbl_kpi_mensal[Taxa_Rejeicao],18)) -> 0.023383414 | F5: =SLOPE(INDEX(tbl_kpi_mensal[Taxa_Rejeicao],13):INDEX(tbl_kpi_mensal[Taxa_Rejeicao],18),{1;2;3;4;5;6}) -> -2.8825751e-06 | G5: =INDEX(tbl_kpi[Polaridade],MATCH(A5,tbl_kpi[ID_KPI],0)) -> Menor | H5: =IF(G5="Maior",IF(D5>=C5,"Cumpre","Não cumpre"),IF(D5<=C5,"Cumpre","Não cumpre")) -> Não cumpre | I5: =IF(G5="Maior",IF(F5>0,"A melhorar","A piorar"),IF(F5<0,"A melhorar","A piorar")) -> A melhorar
A6: KPI-Q-02 | B6: Lotes aprovados à primeira (FPY de lote) | C6: =INDEX(tbl_kpi[Meta],MATCH(A6,tbl_kpi[ID_KPI],0)) -> 0.92 | D6: =INDEX(tbl_kpi_mensal[FPY_Lotes],18) -> 0.85 | E6: =AVERAGE(INDEX(tbl_kpi_mensal[FPY_Lotes],7):INDEX(tbl_kpi_mensal[FPY_Lotes],18)) -> 0.85786631 | F6: =SLOPE(INDEX(tbl_kpi_mensal[FPY_Lotes],13):INDEX(tbl_kpi_mensal[FPY_Lotes],18),{1;2;3;4;5;6}) -> -7.0553385e-06 | G6: =INDEX(tbl_kpi[Polaridade],MATCH(A6,tbl_kpi[ID_KPI],0)) -> Maior | H6: =IF(G6="Maior",IF(D6>=C6,"Cumpre","Não cumpre"),IF(D6<=C6,"Cumpre","Não cumpre")) -> Não cumpre | I6: =IF(G6="Maior",IF(F6>0,"A melhorar","A piorar"),IF(F6<0,"A melhorar","A piorar")) -> A piorar
A7: KPI-Q-03 | B7: PPM de cliente | C7: =INDEX(tbl_kpi[Meta],MATCH(A7,tbl_kpi[ID_KPI],0)) -> 150 | D7: =INDEX(tbl_kpi_mensal[PPM_Cliente],18) -> 221.3013 | E7: =AVERAGE(INDEX(tbl_kpi_mensal[PPM_Cliente],7):INDEX(tbl_kpi_mensal[PPM_Cliente],18)) -> 237.84831 | F7: =SLOPE(INDEX(tbl_kpi_mensal[PPM_Cliente],13):INDEX(tbl_kpi_mensal[PPM_Cliente],18),{1;2;3;4;5;6}) -> 4.3628141 | G7: =INDEX(tbl_kpi[Polaridade],MATCH(A7,tbl_kpi[ID_KPI],0)) -> Menor | H7: =IF(G7="Maior",IF(D7>=C7,"Cumpre","Não cumpre"),IF(D7<=C7,"Cumpre","Não cumpre")) -> Não cumpre | I7: =IF(G7="Maior",IF(F7>0,"A melhorar","A piorar"),IF(F7<0,"A melhorar","A piorar")) -> A piorar
A8: KPI-Q-04 | B8: Reclamações por milhão de unidades expedidas (CPMU) | C8: =INDEX(tbl_kpi[Meta],MATCH(A8,tbl_kpi[ID_KPI],0)) -> 3 | D8: =INDEX(tbl_kpi_mensal[CPMU],18) -> 4.2019234 | E8: =AVERAGE(INDEX(tbl_kpi_mensal[CPMU],7):INDEX(tbl_kpi_mensal[CPMU],18)) -> 4.4303479 | F8: =SLOPE(INDEX(tbl_kpi_mensal[CPMU],13):INDEX(tbl_kpi_mensal[CPMU],18),{1;2;3;4;5;6}) -> 0.0085136775 | G8: =INDEX(tbl_kpi[Polaridade],MATCH(A8,tbl_kpi[ID_KPI],0)) -> Menor | H8: =IF(G8="Maior",IF(D8>=C8,"Cumpre","Não cumpre"),IF(D8<=C8,"Cumpre","Não cumpre")) -> Não cumpre | I8: =IF(G8="Maior",IF(F8>0,"A melhorar","A piorar"),IF(F8<0,"A melhorar","A piorar")) -> A piorar
A9: KPI-Q-05 | B9: Reclamações de serviço / logística | C9: =INDEX(tbl_kpi[Meta],MATCH(A9,tbl_kpi[ID_KPI],0)) -> 5 | D9: =INDEX(tbl_kpi_mensal[Reclamacoes_Servico],18) -> 4 | E9: =AVERAGE(INDEX(tbl_kpi_mensal[Reclamacoes_Servico],7):INDEX(tbl_kpi_mensal[Reclamacoes_Servico],18)) -> 5.6666667 | F9: =SLOPE(INDEX(tbl_kpi_mensal[Reclamacoes_Servico],13):INDEX(tbl_kpi_mensal[Reclamacoes_Servico],18),{1;2;3;4;5;6}) -> 0.25714286 | G9: =INDEX(tbl_kpi[Polaridade],MATCH(A9,tbl_kpi[ID_KPI],0)) -> Menor | H9: =IF(G9="Maior",IF(D9>=C9,"Cumpre","Não cumpre"),IF(D9<=C9,"Cumpre","Não cumpre")) -> Cumpre | I9: =IF(G9="Maior",IF(F9>0,"A melhorar","A piorar"),IF(F9<0,"A melhorar","A piorar")) -> A piorar
A10: KPI-Q-06 | B10: Tempo médio de resolução de reclamações | C10: =INDEX(tbl_kpi[Meta],MATCH(A10,tbl_kpi[ID_KPI],0)) -> 20 | D10: =INDEX(tbl_kpi_mensal[Dias_Resolucao],18) -> 19.615385 | E10: =AVERAGE(INDEX(tbl_kpi_mensal[Dias_Resolucao],7):INDEX(tbl_kpi_mensal[Dias_Resolucao],18)) -> 18.588705 | F10: =SLOPE(INDEX(tbl_kpi_mensal[Dias_Resolucao],13):INDEX(tbl_kpi_mensal[Dias_Resolucao],18),{1;2;3;4;5;6}) -> 0.35415358 | G10: =INDEX(tbl_kpi[Polaridade],MATCH(A10,tbl_kpi[ID_KPI],0)) -> Menor | H10: =IF(G10="Maior",IF(D10>=C10,"Cumpre","Não cumpre"),IF(D10<=C10,"Cumpre","Não cumpre")) -> Cumpre | I10: =IF(G10="Maior",IF(F10>0,"A melhorar","A piorar"),IF(F10<0,"A melhorar","A piorar")) -> A piorar
A11: KPI-Q-07 | B11: OEE médio | C11: =INDEX(tbl_kpi[Meta],MATCH(A11,tbl_kpi[ID_KPI],0)) -> 0.805 | D11: =INDEX(tbl_kpi_mensal[OEE],18) -> 0.7467272 | E11: =AVERAGE(INDEX(tbl_kpi_mensal[OEE],7):INDEX(tbl_kpi_mensal[OEE],18)) -> 0.75346607 | F11: =SLOPE(INDEX(tbl_kpi_mensal[OEE],13):INDEX(tbl_kpi_mensal[OEE],18),{1;2;3;4;5;6}) -> 0.0020364261 | G11: =INDEX(tbl_kpi[Polaridade],MATCH(A11,tbl_kpi[ID_KPI],0)) -> Maior | H11: =IF(G11="Maior",IF(D11>=C11,"Cumpre","Não cumpre"),IF(D11<=C11,"Cumpre","Não cumpre")) -> Não cumpre | I11: =IF(G11="Maior",IF(F11>0,"A melhorar","A piorar"),IF(F11<0,"A melhorar","A piorar")) -> A melhorar
A12: KPI-Q-08 | B12: Lotes de matéria-prima aceites sem derrogação | C12: =INDEX(tbl_kpi[Meta],MATCH(A12,tbl_kpi[ID_KPI],0)) -> 0.95 | D12: =INDEX(tbl_kpi_mensal[Lotes_MP_Aceites],18) -> 0.89320388 | E12: =AVERAGE(INDEX(tbl_kpi_mensal[Lotes_MP_Aceites],7):INDEX(tbl_kpi_mensal[Lotes_MP_Aceites],18)) -> 0.8996116 | F12: =SLOPE(INDEX(tbl_kpi_mensal[Lotes_MP_Aceites],13):INDEX(tbl_kpi_mensal[Lotes_MP_Aceites],18),{1;2;3;4;5;6}) -> -0.0081770453 | G12: =INDEX(tbl_kpi[Polaridade],MATCH(A12,tbl_kpi[ID_KPI],0)) -> Maior | H12: =IF(G12="Maior",IF(D12>=C12,"Cumpre","Não cumpre"),IF(D12<=C12,"Cumpre","Não cumpre")) -> Não cumpre | I12: =IF(G12="Maior",IF(F12>0,"A melhorar","A piorar"),IF(F12<0,"A melhorar","A piorar")) -> A piorar
A13: KPI-Q-09 | B13: Tempo de resposta dos fornecedores a reclamações (SCAR) | C13: =INDEX(tbl_kpi[Meta],MATCH(A13,tbl_kpi[ID_KPI],0)) -> 7 | D13: =INDEX(tbl_kpi_mensal[Dias_Resposta_SCAR],18) -> 8.75 | E13: =AVERAGE(INDEX(tbl_kpi_mensal[Dias_Resposta_SCAR],7):INDEX(tbl_kpi_mensal[Dias_Resposta_SCAR],18)) -> 6.3720238 | F13: =SLOPE(INDEX(tbl_kpi_mensal[Dias_Resposta_SCAR],13):INDEX(tbl_kpi_mensal[Dias_Resposta_SCAR],18),{1;2;3;4;5;6}) -> 0.0042857143 | G13: =INDEX(tbl_kpi[Polaridade],MATCH(A13,tbl_kpi[ID_KPI],0)) -> Menor | H13: =IF(G13="Maior",IF(D13>=C13,"Cumpre","Não cumpre"),IF(D13<=C13,"Cumpre","Não cumpre")) -> Não cumpre | I13: =IF(G13="Maior",IF(F13>0,"A melhorar","A piorar"),IF(F13<0,"A melhorar","A piorar")) -> A piorar
A14: KPI-Q-10 | B14: CAPA fechadas no prazo | C14: =INDEX(tbl_kpi[Meta],MATCH(A14,tbl_kpi[ID_KPI],0)) -> 0.85 | D14: =INDEX(tbl_kpi_mensal[CAPA_No_Prazo],18) -> 0.53571429 | E14: =AVERAGE(INDEX(tbl_kpi_mensal[CAPA_No_Prazo],7):INDEX(tbl_kpi_mensal[CAPA_No_Prazo],18)) -> 0.51785744 | F14: =SLOPE(INDEX(tbl_kpi_mensal[CAPA_No_Prazo],13):INDEX(tbl_kpi_mensal[CAPA_No_Prazo],18),{1;2;3;4;5;6}) -> -0.0038101162 | G14: =INDEX(tbl_kpi[Polaridade],MATCH(A14,tbl_kpi[ID_KPI],0)) -> Maior | H14: =IF(G14="Maior",IF(D14>=C14,"Cumpre","Não cumpre"),IF(D14<=C14,"Cumpre","Não cumpre")) -> Não cumpre | I14: =IF(G14="Maior",IF(F14>0,"A melhorar","A piorar"),IF(F14<0,"A melhorar","A piorar")) -> A piorar
A15: KPI-Q-11 | B15: Eficácia das CAPA | C15: =INDEX(tbl_kpi[Meta],MATCH(A15,tbl_kpi[ID_KPI],0)) -> 0.8 | D15: =INDEX(tbl_kpi_mensal[CAPA_Eficacia],18) -> 0.46428571 | E15: =AVERAGE(INDEX(tbl_kpi_mensal[CAPA_Eficacia],7):INDEX(tbl_kpi_mensal[CAPA_Eficacia],18)) -> 0.57220399 | F15: =SLOPE(INDEX(tbl_kpi_mensal[CAPA_Eficacia],13):INDEX(tbl_kpi_mensal[CAPA_Eficacia],18),{1;2;3;4;5;6}) -> -0.030042017 | G15: =INDEX(tbl_kpi[Polaridade],MATCH(A15,tbl_kpi[ID_KPI],0)) -> Maior | H15: =IF(G15="Maior",IF(D15>=C15,"Cumpre","Não cumpre"),IF(D15<=C15,"Cumpre","Não cumpre")) -> Não cumpre | I15: =IF(G15="Maior",IF(F15>0,"A melhorar","A piorar"),IF(F15<0,"A melhorar","A piorar")) -> A piorar
A16: KPI-Q-12 | B16: Lotes libertados por concessão | C16: =INDEX(tbl_kpi[Meta],MATCH(A16,tbl_kpi[ID_KPI],0)) -> 0.01 | D16: =INDEX(tbl_kpi_mensal[Taxa_Concessao],18) -> 0.0092592593 | E16: =AVERAGE(INDEX(tbl_kpi_mensal[Taxa_Concessao],7):INDEX(tbl_kpi_mensal[Taxa_Concessao],18)) -> 0.012126642 | F16: =SLOPE(INDEX(tbl_kpi_mensal[Taxa_Concessao],13):INDEX(tbl_kpi_mensal[Taxa_Concessao],18),{1;2;3;4;5;6}) -> -0.0013510055 | G16: =INDEX(tbl_kpi[Polaridade],MATCH(A16,tbl_kpi[ID_KPI],0)) -> Menor | H16: =IF(G16="Maior",IF(D16>=C16,"Cumpre","Não cumpre"),IF(D16<=C16,"Cumpre","Não cumpre")) -> Cumpre | I16: =IF(G16="Maior",IF(F16>0,"A melhorar","A piorar"),IF(F16<0,"A melhorar","A piorar")) -> A melhorar
A17: KPI-Q-13 | B17: Subgrupos SPC com Cpk ≥ 1,00 | C17: =INDEX(tbl_kpi[Meta],MATCH(A17,tbl_kpi[ID_KPI],0)) -> 0.7 | D17: =INDEX(tbl_kpi_mensal[Pct_Cpk_1],18) -> 0.44282754 | E17: =AVERAGE(INDEX(tbl_kpi_mensal[Pct_Cpk_1],7):INDEX(tbl_kpi_mensal[Pct_Cpk_1],18)) -> 0.44988948 | F17: =SLOPE(INDEX(tbl_kpi_mensal[Pct_Cpk_1],13):INDEX(tbl_kpi_mensal[Pct_Cpk_1],18),{1;2;3;4;5;6}) -> 0.0017741869 | G17: =INDEX(tbl_kpi[Polaridade],MATCH(A17,tbl_kpi[ID_KPI],0)) -> Maior | H17: =IF(G17="Maior",IF(D17>=C17,"Cumpre","Não cumpre"),IF(D17<=C17,"Cumpre","Não cumpre")) -> Não cumpre | I17: =IF(G17="Maior",IF(F17>0,"A melhorar","A piorar"),IF(F17<0,"A melhorar","A piorar")) -> A melhorar
A18: KPI-Q-20 | B18: Entregas completas e no prazo (OTIF) | C18: =INDEX(tbl_kpi[Meta],MATCH(A18,tbl_kpi[ID_KPI],0)) -> 0.97 | D18: =INDEX(tbl_kpi_mensal[OTIF],18) -> 0.96525097 | E18: =AVERAGE(INDEX(tbl_kpi_mensal[OTIF],7):INDEX(tbl_kpi_mensal[OTIF],18)) -> 0.9617027 | F18: =SLOPE(INDEX(tbl_kpi_mensal[OTIF],13):INDEX(tbl_kpi_mensal[OTIF],18),{1;2;3;4;5;6}) -> -0.00096088813 | G18: =INDEX(tbl_kpi[Polaridade],MATCH(A18,tbl_kpi[ID_KPI],0)) -> Maior | H18: =IF(G18="Maior",IF(D18>=C18,"Cumpre","Não cumpre"),IF(D18<=C18,"Cumpre","Não cumpre")) -> Não cumpre | I18: =IF(G18="Maior",IF(F18>0,"A melhorar","A piorar"),IF(F18<0,"A melhorar","A piorar")) -> A piorar
A19: KPI semestrais / de outros registos: KPI-Q-14 e KPI-Q-15 (RG-SGQ-15), KPI-Q-16 (RG-SGQ-19), KPI-Q-17 (RG-SGQ-09), KPI-Q-18 (RG-SGQ-07), KPI-Q-19 (RG-SGQ-16).

Sheet Objetivos_Qualidade
A1: OBJETIVOS DA QUALIDADE 2026–2027 E PLANEAMENTO (6.2)
A2: Disponíveis como informação documentada (6.2.1 g) · Valor atual e estado calculados a partir do Painel_KPI
A4: ID_OBJ | B4: Compromisso_Politica | C4: Declaracao_Objetivo | D4: ID_KPI | E4: Indicador_KPI | F4: Baseline | G4: Meta_Numerica | H4: Prazo | I4: O_que_Fazer | J4: Recursos | K4: Responsavel | L4: Estado | M4: Valor_Atual | N4: Progresso | O4: Dias_ate_Prazo | P4: S_Especifico | Q4: M_Mensuravel | R4: A_Atingivel | S4: R_Relevante | T4: T_Temporal | U4: Validacao_SMART | V4: Quando_Acompanhar | W4: Como_Avaliar | X4: Processo | Y4: Funcoes_Niveis | Z4: Polaridade | AA4: Comunicado | AB4: Data_Revisao
A5: OBJ-Q-01 | B5: 2. Fazer bem à primeira | C5: Reduzir a taxa de rejeição interna de 2,3% para 2,0% | D5: KPI-Q-01 | E5: =IFERROR(INDEX(tbl_kpi[Nome],MATCH(D5,tbl_kpi[ID_KPI],0))&" ("&INDEX(tbl_kpi[Unidade],MATCH(D5,tbl_kpi[ID_KPI],0))&")","") -> Taxa de rejeição interna (%) | F5: =IF(A5="","",IFERROR(INDEX(tbl_kpi[Baseline],MATCH(D5,tbl_kpi[ID_KPI],0)),"")) -> 0.023883027 | G5: 0.02 | H5: 46387 | I5: DMAIC IM-002 replicado à injeção; SPC de espessura no sopro; manutenção de moldes por ciclos | J5: € 45 000 (DOE, contadores, formação); 1 engenheiro de processo | K5: Gerente de Produção | L5: =IF(A5="","",IF(ISNUMBER(M5),IF(Z5="Maior",IF(M5>=G5,"Atingido","Em curso"),IF(M5<=G5,"Atingido","Em curso")),"Semestral")) -> Em curso | M5: =IF(A5="","",IFERROR(INDEX(Painel_KPI!$D:$D,MATCH(D5,Painel_KPI!$A:$A,0)),"ver registo")) -> 0.022511395 | N5: =IF(A5="","",IF(OR(NOT(ISNUMBER(M5)),NOT(ISNUMBER(F5)),G5=""),"",IF(G5=F5,"",MAX(-1,MIN(1,(M5-F5)/(G5-F5)))))) -> 0.35323796 | O5: =IF(A5="","",H5-DataRef) -> 0 | P5: =IF(A5="","",IF(AND(LEN(C5)>40,D5<>""),"✔","✘")) -> ✔ | Q5: =IF(A5="","",IF(ISNUMBER(G5),"✔","✘")) -> ✔ | R5: =IF(A5="","",IF(AND(J5<>"",K5<>"",I5<>""),"✔","✘")) -> ✔ | S5: =IF(A5="","",IF(AND(B5<>"",X5<>""),"✔","✘")) -> ✔ | T5: =IF(A5="","",IF(ISNUMBER(H5),"✔","✘")) -> ✔ | U5: =IF(A5="","",IF((P5="✔")+(Q5="✔")+(R5="✔")+(S5="✔")+(T5="✔")=5,"SMART","Rever")) -> SMART | V5: Mensal até dez/2026 | W5: Média móvel de 3 meses ≤ 2,0% no painel | X5: PCP | Y5: Produção; Engenharia de processo | Z5: =IF(A5="","",IFERROR(INDEX(tbl_kpi[Polaridade],MATCH(D5,tbl_kpi[ID_KPI],0)),"")) -> Menor | AA5: Quadro de KPI por área + reunião geral | AB5: 46293
A6: OBJ-Q-02 | B6: 2. Fazer bem à primeira | C6: Aumentar os lotes aprovados à primeira para ≥ 92% | D6: KPI-Q-02 | E6: =IFERROR(INDEX(tbl_kpi[Nome],MATCH(D6,tbl_kpi[ID_KPI],0))&" ("&INDEX(tbl_kpi[Unidade],MATCH(D6,tbl_kpi[ID_KPI],0))&")","") -> Lotes aprovados à primeira (FPY de lote) (%) | F6: =IF(A6="","",IFERROR(INDEX(tbl_kpi[Baseline],MATCH(D6,tbl_kpi[ID_KPI],0)),"")) -> 0.8604492 | G6: 0.92 | H6: 46387 | I6: Leak tester 100% nas ISBM; ensaio de aderência no arranque; safe launch dos SKU novos | J6: € 60 000 (leak testers); 2 inspetores no pico | K6: Gerente da Qualidade | L6: =IF(A6="","",IF(ISNUMBER(M6),IF(Z6="Maior",IF(M6>=G6,"Atingido","Em curso"),IF(M6<=G6,"Atingido","Em curso")),"Semestral")) -> Em curso | M6: =IF(A6="","",IFERROR(INDEX(Painel_KPI!$D:$D,MATCH(D6,Painel_KPI!$A:$A,0)),"ver registo")) -> 0.85 | N6: =IF(A6="","",IF(OR(NOT(ISNUMBER(M6)),NOT(ISNUMBER(F6)),G6=""),"",IF(G6=F6,"",MAX(-1,MIN(1,(M6-F6)/(G6-F6)))))) -> -0.17546692 | O6: =IF(A6="","",H6-DataRef) -> 0 | P6: =IF(A6="","",IF(AND(LEN(C6)>40,D6<>""),"✔","✘")) -> ✔ | Q6: =IF(A6="","",IF(ISNUMBER(G6),"✔","✘")) -> ✔ | R6: =IF(A6="","",IF(AND(J6<>"",K6<>"",I6<>""),"✔","✘")) -> ✔ | S6: =IF(A6="","",IF(AND(B6<>"",X6<>""),"✔","✘")) -> ✔ | T6: =IF(A6="","",IF(ISNUMBER(H6),"✔","✘")) -> ✔ | U6: =IF(A6="","",IF((P6="✔")+(Q6="✔")+(R6="✔")+(S6="✔")+(T6="✔")=5,"SMART","Rever")) -> SMART | V6: Mensal | W6: FPY de lote do mês ≥ 92% em 3 meses consecutivos | X6: LAB | Y6: Qualidade; Produção | Z6: =IF(A6="","",IFERROR(INDEX(tbl_kpi[Polaridade],MATCH(D6,tbl_kpi[ID_KPI],0)),"")) -> Maior | AA6: Quadro de KPI por área + reunião geral | AB6: 46293
A7: OBJ-Q-03 | B7: 3. Ouvir o cliente | C7: Reduzir as reclamações para ≤ 3,0 por milhão de unidades expedidas | D7: KPI-Q-04 | E7: =IFERROR(INDEX(tbl_kpi[Nome],MATCH(D7,tbl_kpi[ID_KPI],0))&" ("&INDEX(tbl_kpi[Unidade],MATCH(D7,tbl_kpi[ID_KPI],0))&")","") -> Reclamações por milhão de unidades expedidas (CPMU) (rec./milhão) | F7: =IF(A7="","",IFERROR(INDEX(tbl_kpi[Baseline],MATCH(D7,tbl_kpi[ID_KPI],0)),"")) -> 4.6664495 | G7: 3 | H7: 46568 | I7: 8D em todas as reclamações críticas; poka-yoke na expedição; visão artificial na HF-001 | J7: € 85 000 (visão); equipa 8D | K7: Diretor Comercial | L7: =IF(A7="","",IF(ISNUMBER(M7),IF(Z7="Maior",IF(M7>=G7,"Atingido","Em curso"),IF(M7<=G7,"Atingido","Em curso")),"Semestral")) -> Em curso | M7: =IF(A7="","",IFERROR(INDEX(Painel_KPI!$D:$D,MATCH(D7,Painel_KPI!$A:$A,0)),"ver registo")) -> 4.2019234 | N7: =IF(A7="","",IF(OR(NOT(ISNUMBER(M7)),NOT(ISNUMBER(F7)),G7=""),"",IF(G7=F7,"",MAX(-1,MIN(1,(M7-F7)/(G7-F7)))))) -> 0.27875196 | O7: =IF(A7="","",H7-DataRef) -> 181 | P7: =IF(A7="","",IF(AND(LEN(C7)>40,D7<>""),"✔","✘")) -> ✔ | Q7: =IF(A7="","",IF(ISNUMBER(G7),"✔","✘")) -> ✔ | R7: =IF(A7="","",IF(AND(J7<>"",K7<>"",I7<>""),"✔","✘")) -> ✔ | S7: =IF(A7="","",IF(AND(B7<>"",X7<>""),"✔","✘")) -> ✔ | T7: =IF(A7="","",IF(ISNUMBER(H7),"✔","✘")) -> ✔ | U7: =IF(A7="","",IF((P7="✔")+(Q7="✔")+(R7="✔")+(S7="✔")+(T7="✔")=5,"SMART","Rever")) -> SMART | V7: Mensal | W7: CPMU médio de 6 meses ≤ 3,0 | X7: COM | Y7: Comercial; Qualidade; Logística | Z7: =IF(A7="","",IFERROR(INDEX(tbl_kpi[Polaridade],MATCH(D7,tbl_kpi[ID_KPI],0)),"")) -> Menor | AA7: Quadro de KPI por área + reunião geral | AB7: 46293
A8: OBJ-Q-04 | B8: 2. Fazer bem à primeira | C8: Atingir Cpk ≥ 1,00 em 70% dos subgrupos (hoje 46%; etapa para Cpk ≥ 1,33) | D8: KPI-Q-13 | E8: =IFERROR(INDEX(tbl_kpi[Nome],MATCH(D8,tbl_kpi[ID_KPI],0))&" ("&INDEX(tbl_kpi[Unidade],MATCH(D8,tbl_kpi[ID_KPI],0))&")","") -> Subgrupos SPC com Cpk ≥ 1,00 (%) | F8: =IF(A8="","",IFERROR(INDEX(tbl_kpi[Baseline],MATCH(D8,tbl_kpi[ID_KPI],0)),"")) -> 0.46574503 | G8: 0.7 | H8: 46477 | I8: Estudos de capacidade por característica crítica; centragem de processo; MSA nas características sem estudo | J8: Software SPC; técnico de metrologia | K8: Gerente da Qualidade | L8: =IF(A8="","",IF(ISNUMBER(M8),IF(Z8="Maior",IF(M8>=G8,"Atingido","Em curso"),IF(M8<=G8,"Atingido","Em curso")),"Semestral")) -> Em curso | M8: =IF(A8="","",IFERROR(INDEX(Painel_KPI!$D:$D,MATCH(D8,Painel_KPI!$A:$A,0)),"ver registo")) -> 0.44282754 | N8: =IF(A8="","",IF(OR(NOT(ISNUMBER(M8)),NOT(ISNUMBER(F8)),G8=""),"",IF(G8=F8,"",MAX(-1,MIN(1,(M8-F8)/(G8-F8)))))) -> -0.097831376 | O8: =IF(A8="","",H8-DataRef) -> 90 | P8: =IF(A8="","",IF(AND(LEN(C8)>40,D8<>""),"✔","✘")) -> ✔ | Q8: =IF(A8="","",IF(ISNUMBER(G8),"✔","✘")) -> ✔ | R8: =IF(A8="","",IF(AND(J8<>"",K8<>"",I8<>""),"✔","✘")) -> ✔ | S8: =IF(A8="","",IF(AND(B8<>"",X8<>""),"✔","✘")) -> ✔ | T8: =IF(A8="","",IF(ISNUMBER(H8),"✔","✘")) -> ✔ | U8: =IF(A8="","",IF((P8="✔")+(Q8="✔")+(R8="✔")+(S8="✔")+(T8="✔")=5,"SMART","Rever")) -> SMART | V8: Mensal | W8: % de subgrupos com Cpk ≥ 1,00 | X8: LAB | Y8: Qualidade; Engenharia de processo | Z8: =IF(A8="","",IFERROR(INDEX(tbl_kpi[Polaridade],MATCH(D8,tbl_kpi[ID_KPI],0)),"")) -> Maior | AA8: Quadro de KPI por área + reunião geral | AB8: 46293
A9: OBJ-Q-05 | B9: 7. Melhorar continuamente | C9: Fechar ≥ 85% das CAPA no prazo e ter ≥ 80% eficazes | D9: KPI-Q-10 | E9: =IFERROR(INDEX(tbl_kpi[Nome],MATCH(D9,tbl_kpi[ID_KPI],0))&" ("&INDEX(tbl_kpi[Unidade],MATCH(D9,tbl_kpi[ID_KPI],0))&")","") -> CAPA fechadas no prazo (%) | F9: =IF(A9="","",IFERROR(INDEX(tbl_kpi[Baseline],MATCH(D9,tbl_kpi[ID_KPI],0)),"")) -> 0.48246972 | G9: 0.85 | H9: 46387 | I9: Revisão semanal de CAPA; 8D para NC maiores; verificação de eficácia aos 90 dias | J9: 4 h/semana do comité de CAPA | K9: Gerente da Qualidade | L9: =IF(A9="","",IF(ISNUMBER(M9),IF(Z9="Maior",IF(M9>=G9,"Atingido","Em curso"),IF(M9<=G9,"Atingido","Em curso")),"Semestral")) -> Em curso | M9: =IF(A9="","",IFERROR(INDEX(Painel_KPI!$D:$D,MATCH(D9,Painel_KPI!$A:$A,0)),"ver registo")) -> 0.53571429 | N9: =IF(A9="","",IF(OR(NOT(ISNUMBER(M9)),NOT(ISNUMBER(F9)),G9=""),"",IF(G9=F9,"",MAX(-1,MIN(1,(M9-F9)/(G9-F9)))))) -> 0.14487122 | O9: =IF(A9="","",H9-DataRef) -> 0 | P9: =IF(A9="","",IF(AND(LEN(C9)>40,D9<>""),"✔","✘")) -> ✔ | Q9: =IF(A9="","",IF(ISNUMBER(G9),"✔","✘")) -> ✔ | R9: =IF(A9="","",IF(AND(J9<>"",K9<>"",I9<>""),"✔","✘")) -> ✔ | S9: =IF(A9="","",IF(AND(B9<>"",X9<>""),"✔","✘")) -> ✔ | T9: =IF(A9="","",IF(ISNUMBER(H9),"✔","✘")) -> ✔ | U9: =IF(A9="","",IF((P9="✔")+(Q9="✔")+(R9="✔")+(S9="✔")+(T9="✔")=5,"SMART","Rever")) -> SMART | V9: Semanal / mensal | W9: KPI-Q-10 e KPI-Q-11 no painel | X9: QUA | Y9: Todos os donos de CAPA | Z9: =IF(A9="","",IFERROR(INDEX(tbl_kpi[Polaridade],MATCH(D9,tbl_kpi[ID_KPI],0)),"")) -> Maior | AA9: Quadro de KPI por área + reunião geral | AB9: 46293
A10: OBJ-Q-06 | B10: 3. Ouvir o cliente | C10: Atingir CSI ≥ 80% e NPS ≥ 30 no inquérito de clientes | D10: KPI-Q-14 | E10: =IFERROR(INDEX(tbl_kpi[Nome],MATCH(D10,tbl_kpi[ID_KPI],0))&" ("&INDEX(tbl_kpi[Unidade],MATCH(D10,tbl_kpi[ID_KPI],0))&")","") -> Índice de satisfação do cliente (CSI) (%) | F10: =IF(A10="","",IFERROR(INDEX(tbl_kpi[Baseline],MATCH(D10,tbl_kpi[ID_KPI],0)),"")) | G10: 0.8 | H10: 46418 | I10: Plano de ação por atributo com lacuna; visita anual aos 5 maiores clientes | J10: Tempo do Key Account | K10: Diretor Comercial | L10: =IF(A10="","",IF(ISNUMBER(M10),IF(Z10="Maior",IF(M10>=G10,"Atingido","Em curso"),IF(M10<=G10,"Atingido","Em curso")),"Semestral")) -> Semestral | M10: =IF(A10="","",IFERROR(INDEX(Painel_KPI!$D:$D,MATCH(D10,Painel_KPI!$A:$A,0)),"ver registo")) -> ver registo | N10: =IF(A10="","",IF(OR(NOT(ISNUMBER(M10)),NOT(ISNUMBER(F10)),G10=""),"",IF(G10=F10,"",MAX(-1,MIN(1,(M10-F10)/(G10-F10)))))) | O10: =IF(A10="","",H10-DataRef) -> 31 | P10: =IF(A10="","",IF(AND(LEN(C10)>40,D10<>""),"✔","✘")) -> ✔ | Q10: =IF(A10="","",IF(ISNUMBER(G10),"✔","✘")) -> ✔ | R10: =IF(A10="","",IF(AND(J10<>"",K10<>"",I10<>""),"✔","✘")) -> ✔ | S10: =IF(A10="","",IF(AND(B10<>"",X10<>""),"✔","✘")) -> ✔ | T10: =IF(A10="","",IF(ISNUMBER(H10),"✔","✘")) -> ✔ | U10: =IF(A10="","",IF((P10="✔")+(Q10="✔")+(R10="✔")+(S10="✔")+(T10="✔")=5,"SMART","Rever")) -> SMART | V10: Semestral | W10: Resultado do inquérito de dez/2026 | X10: COM | Y10: Comercial | Z10: =IF(A10="","",IFERROR(INDEX(tbl_kpi[Polaridade],MATCH(D10,tbl_kpi[ID_KPI],0)),"")) -> Maior | AA10: Quadro de KPI por área + reunião geral | AB10: 46293
A11: OBJ-Q-07 | B11: 4. Fornecedores | C11: Aumentar os lotes de MP aceites sem derrogação para ≥ 95% | D11: KPI-Q-08 | E11: =IFERROR(INDEX(tbl_kpi[Nome],MATCH(D11,tbl_kpi[ID_KPI],0))&" ("&INDEX(tbl_kpi[Unidade],MATCH(D11,tbl_kpi[ID_KPI],0))&")","") -> Lotes de matéria-prima aceites sem derrogação (%) | F11: =IF(A11="","",IFERROR(INDEX(tbl_kpi[Baseline],MATCH(D11,tbl_kpi[ID_KPI],0)),"")) -> 0.8954456 | G11: 0.95 | H11: 46387 | I11: Aprovação condicional do SUP-005; scorecard mensal; auditorias a SUP-004 e SUP-009 | J11: Auditor de fornecedores; ensaios | K11: Responsável de Compras | L11: =IF(A11="","",IF(ISNUMBER(M11),IF(Z11="Maior",IF(M11>=G11,"Atingido","Em curso"),IF(M11<=G11,"Atingido","Em curso")),"Semestral")) -> Em curso | M11: =IF(A11="","",IFERROR(INDEX(Painel_KPI!$D:$D,MATCH(D11,Painel_KPI!$A:$A,0)),"ver registo")) -> 0.89320388 | N11: =IF(A11="","",IF(OR(NOT(ISNUMBER(M11)),NOT(ISNUMBER(F11)),G11=""),"",IF(G11=F11,"",MAX(-1,MIN(1,(M11-F11)/(G11-F11)))))) -> -0.041091419 | O11: =IF(A11="","",H11-DataRef) -> 0 | P11: =IF(A11="","",IF(AND(LEN(C11)>40,D11<>""),"✔","✘")) -> ✔ | Q11: =IF(A11="","",IF(ISNUMBER(G11),"✔","✘")) -> ✔ | R11: =IF(A11="","",IF(AND(J11<>"",K11<>"",I11<>""),"✔","✘")) -> ✔ | S11: =IF(A11="","",IF(AND(B11<>"",X11<>""),"✔","✘")) -> ✔ | T11: =IF(A11="","",IF(ISNUMBER(H11),"✔","✘")) -> ✔ | U11: =IF(A11="","",IF((P11="✔")+(Q11="✔")+(R11="✔")+(S11="✔")+(T11="✔")=5,"SMART","Rever")) -> SMART | V11: Mensal | W11: Lotes aceites ≥ 95% em 3 meses | X11: CMP | Y11: Compras; Qualidade | Z11: =IF(A11="","",IFERROR(INDEX(tbl_kpi[Polaridade],MATCH(D11,tbl_kpi[ID_KPI],0)),"")) -> Maior | AA11: Quadro de KPI por área + reunião geral | AB11: 46293
A12: OBJ-Q-08 | B12: 3. Ouvir o cliente | C12: Entregar ≥ 97% das linhas completas e no prazo (OTIF) | D12: KPI-Q-20 | E12: =IFERROR(INDEX(tbl_kpi[Nome],MATCH(D12,tbl_kpi[ID_KPI],0))&" ("&INDEX(tbl_kpi[Unidade],MATCH(D12,tbl_kpi[ID_KPI],0))&")","") -> Entregas completas e no prazo (OTIF) (%) | F12: =IF(A12="","",IFERROR(INDEX(tbl_kpi[Baseline],MATCH(D12,tbl_kpi[ID_KPI],0)),"")) -> 0.9604858 | G12: 0.97 | H12: 46387 | I12: Plano de capacidade set–nov; leitura de código de barras na carga; stock de segurança de resinas | J12: Planeador adicional no pico | K12: Responsável de Armazém e Logística | L12: =IF(A12="","",IF(ISNUMBER(M12),IF(Z12="Maior",IF(M12>=G12,"Atingido","Em curso"),IF(M12<=G12,"Atingido","Em curso")),"Semestral")) -> Em curso | M12: =IF(A12="","",IFERROR(INDEX(Painel_KPI!$D:$D,MATCH(D12,Painel_KPI!$A:$A,0)),"ver registo")) -> 0.96525097 | N12: =IF(A12="","",IF(OR(NOT(ISNUMBER(M12)),NOT(ISNUMBER(F12)),G12=""),"",IF(G12=F12,"",MAX(-1,MIN(1,(M12-F12)/(G12-F12)))))) -> 0.50084792 | O12: =IF(A12="","",H12-DataRef) -> 0 | P12: =IF(A12="","",IF(AND(LEN(C12)>40,D12<>""),"✔","✘")) -> ✔ | Q12: =IF(A12="","",IF(ISNUMBER(G12),"✔","✘")) -> ✔ | R12: =IF(A12="","",IF(AND(J12<>"",K12<>"",I12<>""),"✔","✘")) -> ✔ | S12: =IF(A12="","",IF(AND(B12<>"",X12<>""),"✔","✘")) -> ✔ | T12: =IF(A12="","",IF(ISNUMBER(H12),"✔","✘")) -> ✔ | U12: =IF(A12="","",IF((P12="✔")+(Q12="✔")+(R12="✔")+(S12="✔")+(T12="✔")=5,"SMART","Rever")) -> SMART | V12: Mensal | W12: OTIF mensal ≥ 97% | X12: EXP | Y12: Logística; Planeamento | Z12: =IF(A12="","",IFERROR(INDEX(tbl_kpi[Polaridade],MATCH(D12,tbl_kpi[ID_KPI],0)),"")) -> Maior | AA12: Quadro de KPI por área + reunião geral | AB12: 46293

Sheet Plano_Monitorizacao
A1: PLANO DE MONITORIZAÇÃO E MEDIÇÃO (9.1.1)
A4: ID_MED | B4: O_Que_Medir | C4: Como_Medir | D4: Quando_Medir | E4: Quem_Mede | F4: ID_KPI | G4: Quando_Analisar | H4: Registo_Evidencia
A5: PMM-01 | B5: Características do produto (dimensionais, peso, espessura) | C5: Inspeção por variáveis ISO 3951; cartas X̄-R; Cpk | D5: A cada 30 min – 2 h (plano de controlo) | E5: Técnico(a) da Qualidade / Inspetor(a) | F5: KPI-Q-13 | G5: Por turno (reação) e mensal (capacidade) | H5: RG-SGQ-13 / SPC
A6: PMM-02 | B6: Características por atributos (visuais, fuga, rosca, anel) | C6: Amostragem ISO 2859-1:2026, nível II, AQL por classe | D6: Por lote | E6: Técnico(a) da Qualidade / Inspetor(a) | F6: KPI-Q-02 | G6: Por lote (libertação) e mensal (ppm) | H6: RG-SGQ-13 tbl_libertacao
A7: PMM-03 | B7: Parâmetros de processo críticos (temperatura, velocidade, arrefecimento) | C7: Registo automático no MES; limites do DOE | D7: Contínuo | E7: Engenheiro(a) de Processo | F7: KPI-Q-01 | G7: Diário | H7: fact_process_parameters
A8: PMM-04 | B8: Rejeição e sucata por máquina | C8: Contagem no MES | D8: Por ordem de fabrico | E8: Gerente de Produção | F8: KPI-Q-01 | G8: Diário (reunião de produção) e mensal | H8: fact_production
A9: PMM-05 | B9: OEE e paragens | C9: MES (disponibilidade, desempenho, qualidade) | D9: Contínuo | E9: Gerente de Produção | F9: KPI-Q-07 | G9: Diário e mensal | H9: fact_production / fact_downtime
A10: PMM-06 | B10: Matéria-prima recebida | C10: Ensaios de receção (MFI, densidade, humidade) | D10: Por lote recebido | E10: Técnico(a) de Laboratório | F10: KPI-Q-08 | G10: Mensal (scorecard) | H10: RG-SGQ-12
A11: PMM-07 | B11: Satisfação do cliente | C11: Inquérito CSI/NPS/CES + reclamações + reuniões | D11: Semestral (inquérito); contínuo (reclamações) | E11: Diretor Comercial | F11: KPI-Q-14 | G11: Semestral e revisão pela gestão | H11: RG-SGQ-15
A12: PMM-08 | B12: Reclamações de cliente | C12: Registo ISO 10002; 8D | D12: Por ocorrência | E12: Diretor Comercial | F12: KPI-Q-04 | G12: Mensal (Pareto, CPMU) | H12: RG-SGQ-15
A13: PMM-09 | B13: Desempenho dos fornecedores | C13: Scorecard ponderado | D13: Mensal | E13: Responsável de Compras | F13: KPI-Q-08 | G13: Semestral (reavaliação) | H13: RG-SGQ-12
A14: PMM-10 | B14: Eficácia das ações corretivas | C14: Verificação de eficácia aos 90 dias | D14: Por CAPA | E14: Gerente da Qualidade | F14: KPI-Q-11 | G14: Mensal | H14: RG-SGQ-18
A15: PMM-11 | B15: Eficácia das ações para riscos e oportunidades | C15: Método definido em cada risco/oportunidade | D15: Conforme a ação | E15: Gerente da Qualidade | F15: — | G15: Trimestral e revisão pela gestão | H15: RG-SGQ-04
... A18: PMM-14 | B18: Eficácia do SGQ (auditorias) | C18: Auditoria interna ISO 19011:2026 | D18: Programa anual | E18: Gerente da Qualidade | F18: KPI-Q-19 | G18: Após cada auditoria e anual | H18: RG-SGQ-16

Sheet Listas
A1: LISTAS CONTROLADAS (domínios de validação de dados) — editar aqui para alterar opções
A2: DataReferencia | B2: Processo | C2: Funcao | D2: Polaridade | E2: Frequencia
A3: 46387 | B3: GES | C3: Diretor Geral (Gestão de Topo) | D3: Maior | E3: Mensal
B4: QUA | C4: Diretor Industrial | D4: Menor | E4: Trimestral
B5: COM | C5: Gerente da Qualidade | E5: Semestral
B6: RD | C6: Gerente de Produção | E6: Anual
B7: PCP | C7: Gerente de Manutenção
B8: CMP | C8: Diretor Comercial
B9: REC | C9: Responsável de Compras
B10: INJ | C10: Responsável de R&D
B11: SOP | C11: Responsável de Armazém e Logística
B12: SER | C12: Responsável de Recursos Humanos
B13: HFS | C13: Gerente de Dados / TI
B14: LAB | C14: Técnico(a) da Qualidade / Inspetor(a)
B15: EXP | C15: Técnico(a) de Laboratório
B16: MAN | C16: Engenheiro(a) de Processo
B17: MET | C17: Chefe de Turno
B18: RH | C18: Operador(a) de Injeção
... B20: DOC | C20: Operador(a) de Serigrafia
C21: Operador(a) de Hot Foil
C22: Técnico(a) de Manutenção
C23: Técnico(a) de Metrologia
C24: Auditor(a) Interno(a) do SGQ
C25: Gestor(a) de Cliente (Key Account)
C26: Planeador(a) de Produção
C27: Operador(a) de Armazém / Empilhador
C28: Gestor do SGA / EHS (Responsável Ambiental)

Sheet Dicionario_Dados
A1: Folha | B1: Tabela | C1: Coluna | D1: Tipo | E1: Origem | F1: Descricao | G1: Dominio_Unidade | H1: Obrigatorio | I1: Chave
A2: Base_Mensal | B2: tbl_base_mensal | C2: Mes | D2: Texto | E2: Entrada | F2: Mês (aaaa-mm). | H2: Sim | I2: PK
A3: Base_Mensal | B3: tbl_base_mensal | C3: Produzido | D3: Decimal | E3: Entrada | F3: Unidades produzidas — agregado do dataset. | H3: Sim
A4: Base_Mensal | B4: tbl_base_mensal | C4: Rejeitado | D4: Decimal | E4: Entrada | F4: Unidades rejeitadas — agregado do dataset. | H4: Sim
A5: Base_Mensal | B5: tbl_base_mensal | C5: OEE_Soma | D5: Decimal | E5: Entrada | F5: Soma do OEE das ordens — agregado do dataset. | H5: Sim
A6: Base_Mensal | B6: tbl_base_mensal | C6: Ordens | D6: Decimal | E6: Entrada | F6: N.º de ordens de fabrico — agregado do dataset. | H6: Sim
A7: Base_Mensal | B7: tbl_base_mensal | C7: Lotes_Decididos | D7: Decimal | E7: Entrada | F7: Lotes com decisão de libertação — agregado do dataset. | H7: Sim
A8: Base_Mensal | B8: tbl_base_mensal | C8: Lotes_1a | D8: Decimal | E8: Entrada | F8: Lotes aprovados à primeira — agregado do dataset. | H8: Sim
A9: Base_Mensal | B9: tbl_base_mensal | C9: Lotes_Concessao | D9: Decimal | E9: Entrada | F9: Lotes aprovados por concessão — agregado do dataset. | H9: Sim
A10: Base_Mensal | B10: tbl_base_mensal | C10: Lotes_Rejeitados | D10: Decimal | E10: Entrada | F10: Lotes rejeitados — agregado do dataset. | H10: Sim
A11: Base_Mensal | B11: tbl_base_mensal | C11: Expedido | D11: Decimal | E11: Entrada | F11: Unidades expedidas — agregado do dataset. | H11: Sim
A12: Base_Mensal | B12: tbl_base_mensal | C12: Vendas_EUR | D12: Moeda (EUR) | E12: Entrada | F12: Vendas (€) — agregado do dataset. | H12: Sim
A13: Base_Mensal | B13: tbl_base_mensal | C13: Linhas_Expedidas | D13: Decimal | E13: Entrada | F13: Linhas de encomenda expedidas — agregado do dataset. | H13: Sim
A14: Base_Mensal | B14: tbl_base_mensal | C14: Reclamacoes | D14: Decimal | E14: Entrada | F14: Reclamações recebidas — agregado do dataset. | H14: Sim
... A30: Base_Mensal | B30: tbl_base_mensal | C30: Linhas_OTIF | D30: Decimal | E30: Entrada | F30: Linhas entregues completas e no prazo (SIMULADO) | H30: Sim
A31: KPI_Mensal | B31: tbl_kpi_mensal | C31: Mes | D31: Texto | E31: Entrada | F31: Mês. | H31: Sim | I31: PK / FK → tbl_base_mensal
A32: KPI_Mensal | B32: tbl_kpi_mensal | C32: Taxa_Rejeicao | D32: Percentagem (fração 0-1) | E32: Calculado (fórmula) | F32: KPI-Q-01. | H32: Sim
A33: KPI_Mensal | B33: tbl_kpi_mensal | C33: FPY_Lotes | D33: Percentagem (fração 0-1) | E33: Calculado (fórmula) | F33: KPI-Q-02. | H33: Sim
A34: KPI_Mensal | B34: tbl_kpi_mensal | C34: PPM_Cliente | D34: Decimal | E34: Calculado (fórmula) | F34: KPI-Q-03. | H34: Sim
A35: KPI_Mensal | B35: tbl_kpi_mensal | C35: CPMU | D35: Decimal | E35: Calculado (fórmula) | F35: KPI-Q-04. | H35: Sim
A36: KPI_Mensal | B36: tbl_kpi_mensal | C36: Reclamacoes_Servico | D36: Decimal | E36: Calculado (fórmula) | F36: KPI-Q-05. | H36: Sim
A37: KPI_Mensal | B37: tbl_kpi_mensal | C37: Dias_Resolucao | D37: Decimal | E37: Calculado (fórmula) | F37: KPI-Q-06. | H37: Sim
A38: KPI_Mensal | B38: tbl_kpi_mensal | C38: OEE | D38: Percentagem (fração 0-1) | E38: Calculado (fórmula) | F38: KPI-Q-07. | H38: Sim
A39: KPI_Mensal | B39: tbl_kpi_mensal | C39: Lotes_MP_Aceites | D39: Percentagem (fração 0-1) | E39: Calculado (fórmula) | F39: KPI-Q-08. | H39: Sim
A40: KPI_Mensal | B40: tbl_kpi_mensal | C40: Dias_Resposta_SCAR | D40: Decimal | E40: Calculado (fórmula) | F40: KPI-Q-09. | H40: Sim
A41: KPI_Mensal | B41: tbl_kpi_mensal | C41: CAPA_No_Prazo | D41: Percentagem (fração 0-1) | E41: Calculado (fórmula) | F41: KPI-Q-10. | H41: Sim
A42: KPI_Mensal | B42: tbl_kpi_mensal | C42: CAPA_Eficacia | D42: Percentagem (fração 0-1) | E42: Calculado (fórmula) | F42: KPI-Q-11. | H42: Sim
A43: KPI_Mensal | B43: tbl_kpi_mensal | C43: Taxa_Concessao | D43: Percentagem (fração 0-1) | E43: Calculado (fórmula) | F43: KPI-Q-12. | H43: Sim
... A45: KPI_Mensal | B45: tbl_kpi_mensal | C45: OTIF | D45: Percentagem (fração 0-1) | E45: Calculado (fórmula) | F45: KPI-Q-20 (simulado). | H45: Sim
A46: Catalogo_KPI | B46: tbl_kpi | C46: ID_KPI | D46: Texto | E46: Entrada | F46: Identificador do indicador. | H46: Sim | I46: PK
A47: Catalogo_KPI | B47: tbl_kpi | C47: Nome | D47: Texto | E47: Entrada | F47: Nome do indicador. | H47: Sim
A48: Catalogo_KPI | B48: tbl_kpi | C48: Formula_Calculo | D48: Texto | E48: Entrada | F48: Fórmula de cálculo (definição operacional). | H48: Sim
A49: Catalogo_KPI | B49: tbl_kpi | C49: Unidade | D49: Texto | E49: Entrada | F49: Unidade. | H49: Sim
A50: Catalogo_KPI | B50: tbl_kpi | C50: Polaridade | D50: Texto | E50: Entrada | F50: Maior ou menor é melhor. | G50: Lista lst_Polaridade | H50: Sim
A51: Catalogo_KPI | B51: tbl_kpi | C51: Frequencia | D51: Texto | E51: Entrada | F51: Frequência de cálculo. | G51: Lista lst_Frequencia | H51: Sim
A52: Catalogo_KPI | B52: tbl_kpi | C52: Fonte_Dados | D52: Texto | E52: Entrada | F52: Origem dos dados. | H52: Sim
A53: Catalogo_KPI | B53: tbl_kpi | C53: Responsavel | D53: Texto | E53: Entrada | F53: Responsável pelo indicador. | G53: Lista lst_Funcao | H53: Sim
A54: Catalogo_KPI | B54: tbl_kpi | C54: Meta | D54: Decimal | E54: Entrada | F54: Meta (percentagens como fração). | H54: Sim
A55: Catalogo_KPI | B55: tbl_kpi | C55: Baseline | D55: Decimal | E55: Calculado (fórmula) | F55: Linha de base: média dos 12 primeiros meses do dataset (jul/2025–jun/2026) em tbl_kpi_mensal; vazio para KPI de outros registos. | H55: Sim
A56: Catalogo_KPI | B56: tbl_kpi | C56: ID_OBJ | D56: Texto | E56: Calculado (fórmula) | F56: Objetivo que o indicador mede (1.º encontrado). | H56: Sim | I56: FK → tbl_objetivos
A57: Catalogo_KPI | B57: tbl_kpi | C57: ID_MED | D57: Texto | E57: Calculado (fórmula) | F57: Linha do plano de monitorização que alimenta o KPI. | H57: Sim | I57: FK → tbl_plano_monitorizacao
A58: Catalogo_KPI | B58: tbl_kpi | C58: Processo | D58: Texto | E58: Entrada | F58: [Só SGQ] Processo. | G58: Lista lst_Processo | H58: Sim
A59: Catalogo_KPI | B59: tbl_kpi | C59: Coluna_Mensal | D59: Texto | E59: Entrada | F59: [Só SGQ] Coluna em tbl_kpi_mensal ('—' se vem de outro registo). | H59: Sim
A60: Objetivos_Qualidade | B60: tbl_objetivos | C60: ID_OBJ | D60: Texto | E60: Entrada | F60: Identificador do objetivo da qualidade. | H60: Sim | I60: PK
A61: Objetivos_Qualidade | B61: tbl_objetivos | C61: Compromisso_Politica | D61: Texto | E61: Entrada | F61: Compromisso da política a que dá corpo (6.2.1 a). | H61: Sim
A62: Objetivos_Qualidade | B62: tbl_objetivos | C62: Declaracao_Objetivo | D62: Texto | E62: Entrada | F62: Objetivo mensurável (6.2.1 b): verbo + indicador + meta + prazo. | H62: Sim
A63: Objetivos_Qualidade | B63: tbl_objetivos | C63: ID_KPI | D63: Texto | E63: Entrada | F63: Indicador (régua). | H63: Sim | I63: FK → tbl_kpi
A64: Objetivos_Qualidade | B64: tbl_objetivos | C64: Indicador_KPI | D64: Texto | E64: Calculado (fórmula) | F64: Nome e unidade do KPI. | H64: Sim
A65: Objetivos_Qualidade | B65: tbl_objetivos | C65: Baseline | D65: Decimal | E65: Calculado (fórmula) | F65: Linha de base (do catálogo de KPI). | H65: Sim
A66: Objetivos_Qualidade | B66: tbl_objetivos | C66: Meta_Numerica | D66: Decimal | E66: Entrada | F66: Valor numérico do KPI a atingir (percentagens como fração). | H66: Sim
A67: Objetivos_Qualidade | B67: tbl_objetivos | C67: Prazo | D67: Data (aaaa-mm-dd) | E67: Entrada | F67: Quando será concluído (6.2.2 d). | H67: Sim
A68: Objetivos_Qualidade | B68: tbl_objetivos | C68: O_que_Fazer | D68: Texto | E68: Entrada | F68: O que vai ser feito (6.2.2 a). | H68: Sim
A69: Objetivos_Qualidade | B69: tbl_objetivos | C69: Recursos | D69: Texto | E69: Entrada | F69: Recursos (6.2.2 b). | H69: Sim
A70: Objetivos_Qualidade | B70: tbl_objetivos | C70: Responsavel | D70: Texto | E70: Entrada | F70: Quem é responsável (6.2.2 c). | G70: Lista lst_Funcao | H70: Sim
A71: Objetivos_Qualidade | B71: tbl_objetivos | C71: Estado | D71: Texto | E71: Calculado (fórmula) | F71: Estado face à meta. | H71: Sim
A72: Objetivos_Qualidade | B72: tbl_objetivos | C72: Valor_Atual | D72: Decimal | E72: Calculado (fórmula) | F72: Último valor do painel. | H72: Sim
A73: Objetivos_Qualidade | B73: tbl_objetivos | C73: Progresso | D73: Percentagem (fração 0-1) | E73: Calculado (fórmula) | F73: Percentagem do caminho baseline → meta já percorrido (negativo = afastou-se). | H73: Sim
A74: Objetivos_Qualidade | B74: tbl_objetivos | C74: Dias_ate_Prazo | D74: Inteiro | E74: Calculado (fórmula) | F74: Dias até ao prazo. | H74: Sim
A75: Objetivos_Qualidade | B75: tbl_objetivos | C75: S_Especifico | D75: Texto | E75: Calculado (fórmula) | F75: S: declaração clara e ligada a um indicador. | H75: Sim
A76: Objetivos_Qualidade | B76: tbl_objetivos | C76: M_Mensuravel | D76: Texto | E76: Calculado (fórmula) | F76: M: meta numérica. | H76: Sim
A77: Objetivos_Qualidade | B77: tbl_objetivos | C77: A_Atingivel | D77: Texto | E77: Calculado (fórmula) | F77: A: recursos, responsável e ações planeadas (6.2.2 a–c). | H77: Sim
A78: Objetivos_Qualidade | B78: tbl_objetivos | C78: R_Relevante | D78: Texto | E78: Calculado (fórmula) | F78: R: nasce da política e de um processo. | H78: Sim
A79: Objetivos_Qualidade | B79: tbl_objetivos | C79: T_Temporal | D79: Texto | E79: Calculado (fórmula) | F79: T: data limite (6.2.2 d). | H79: Sim
A80: Objetivos_Qualidade | B80: tbl_objetivos | C80: Validacao_SMART | D80: Texto | E80: Calculado (fórmula) | F80: SMART se os 5 critérios estiverem cumpridos. | H80: Sim
A81: Objetivos_Qualidade | B81: tbl_objetivos | C81: Quando_Acompanhar | D81: Texto | E81: Entrada | F81: [Só SGQ] Frequência de acompanhamento. | H81: Sim
A82: Objetivos_Qualidade | B82: tbl_objetivos | C82: Como_Avaliar | D82: Texto | E82: Entrada | F82: [Só SGQ] Como os resultados são avaliados (6.2.2 e). | H82: Sim
A83: Objetivos_Qualidade | B83: tbl_objetivos | C83: Processo | D83: Texto | E83: Entrada | F83: [Só SGQ] Processo. | G83: Lista lst_Processo | H83: Sim
A84: Objetivos_Qualidade | B84: tbl_objetivos | C84: Funcoes_Niveis | D84: Texto | E84: Entrada | F84: [Só SGQ] Funções e níveis a que se aplica (6.2.1). | H84: Sim
A85: Objetivos_Qualidade | B85: tbl_objetivos | C85: Polaridade | D85: Texto | E85: Calculado (fórmula) | F85: Da definição do KPI. | H85: Sim
A86: Objetivos_Qualidade | B86: tbl_objetivos | C86: Comunicado | D86: Texto | E86: Entrada | F86: [Só SGQ] Como foi comunicado (6.2.1 e). | H86: Sim
A87: Objetivos_Qualidade | B87: tbl_objetivos | C87: Data_Revisao | D87: Data (aaaa-mm-dd) | E87: Entrada | F87: Última atualização (6.2.1 f). | H87: Sim
A88: Plano_Monitorizacao | B88: tbl_plano_monitorizacao | C88: ID_MED | D88: Texto | E88: Entrada | F88: Linha do plano de monitorização. | H88: Sim | I88: PK
A89: Plano_Monitorizacao | B89: tbl_plano_monitorizacao | C89: O_Que_Medir | D89: Texto | E89: Entrada | F89: O que monitorizar e medir (9.1.1 a). | H89: Sim
A90: Plano_Monitorizacao | B90: tbl_plano_monitorizacao | C90: Como_Medir | D90: Texto | E90: Entrada | F90: Métodos de monitorização, medição, análise e avaliação (9.1.1 b). | H90: Sim
A91: Plano_Monitorizacao | B91: tbl_plano_monitorizacao | C91: Quando_Medir | D91: Texto | E91: Entrada | F91: Quando monitorizar e medir (9.1.1 c). | H91: Sim
A92: Plano_Monitorizacao | B92: tbl_plano_monitorizacao | C92: Quem_Mede | D92: Texto | E92: Entrada | F92: Responsável pela recolha. | G92: Lista lst_Funcao | H92: Sim
A93: Plano_Monitorizacao | B93: tbl_plano_monitorizacao | C93: ID_KPI | D93: Texto | E93: Entrada | F93: KPI alimentado. | H93: Não | I93: FK → tbl_kpi
A94: Plano_Monitorizacao | B94: tbl_plano_monitorizacao | C94: Quando_Analisar | D94: Texto | E94: Entrada | F94: [Só SGQ] Quando analisar e avaliar os resultados (9.1.1 d). | H94: Sim
A95: Plano_Monitorizacao | B95: tbl_plano_monitorizacao | C95: Registo_Evidencia | D95: Texto | E95: Entrada | F95: [Só SGQ] Onde fica a evidência dos resultados. | H95: Sim
